filename,command,start,end
2_speech_true_Ofen_aus,Ofen aus,11.2523,12.07747
3_speech_true_Radio_an,Radio an,21.4804,23.18083
4_speech_true_Alarm_an,Alarm an,14.4572,16.08301
16_speech_true_Fernseher_an,Fernseher an,6.15504,7.15586
19_speech_false_Lüftung_aus,Lüftung aus,8.45186,10.07722
22_speech_false_Heizung_an,Heizung an,6.95695,8.43342
24_speech_true_Licht_an,Licht an,12.6053,14.055909999999999
27_speech_false_Fernseher_an_Licht_aus,Fernseher an,5.05414,5.879816
27_speech_false_Fernseher_an_Licht_aus,Licht aus,13.1357,14.011417
28_speech_true_Heizung_aus,Heizung aus,7.55863,8.86012
29_speech_false_Lüftung_an,Lüftung an,3.99818,5.0477
30_speech_false_Heizung_aus_Licht_an,Heizung aus,5.12384,6.4235500000000005
30_speech_false_Heizung_aus_Licht_an,Licht an,20.9953,21.820114
32_speech_true_Ofen_an_Alarm_aus,Ofen an,5.30162,6.65203
32_speech_true_Ofen_an_Alarm_aus,Alarm aus,14.8795,16.07991
33_speech_false_Staubsauger_an,Staubsauger an,8.80454,10.10521
34_speech_false_Radio_aus_Radio_an,Radio aus,10.8717,11.796419
34_speech_false_Radio_aus_Radio_an,Radio an,20.6437,21.79335
35_speech_false_Ofen_aus,Ofen aus,9.15499,10.85592
36_speech_false_Radio_an,Radio an,11.1974,12.947
37_speech_true_Radio_aus_Alarm_an,Radio aus,13.8999,14.9749
37_speech_true_Radio_aus_Alarm_an,Alarm an,15.9499,17.47489
39_speech_false_Alarm_aus,Alarm aus,13.0569,14.457640000000001
40_speech_false_Staubsauger_aus_Heizung_an,Staubsauger aus,15.8277,16.92789
40_speech_false_Staubsauger_aus_Heizung_an,Heizung an,19.4533,20.95356
42_speech_true_Ofen_aus,Ofen aus,6.32484,8.24979
43_speech_false_Ofen_an,Ofen an,15.4947,17.11914
45_speech_false_Ofen_an,Ofen an,8.92097,9.920518000000001
47_speech_false_Radio_aus_Licht_aus,Radio aus,7.80517,8.705767
47_speech_false_Radio_aus_Licht_aus,Licht aus,11.0323,12.03296
48_speech_true_Staubsauger_an_Alarm_an,Staubsauger an,9.10542,10.60631
48_speech_true_Staubsauger_an_Alarm_an,Alarm an,11.2817,12.78259
49_speech_true_Heizung_aus,Heizung aus,9.15204,10.65237
50_speech_true_Fernseher_an,Fernseher an,8.35973,9.836450000000001
51_speech_true_Lüftung_an,Lüftung an,11.0806,12.88152
52_speech_true_Heizung_an,Heizung an,9.75139,11.026570000000001
53_speech_true_Licht_aus_Alarm_aus,Licht aus,10.9039,12.42944
53_speech_true_Licht_aus_Alarm_aus,Alarm aus,12.8545,14.179969999999999
54_speech_true_Ofen_aus,Ofen aus,14.3838,15.559520000000001
65_speech_false_Fernseher_aus,Fernseher aus,8.22847,10.17929
68_speech_true_Heizung_an,Heizung an,17.9235,19.29839
72_speech_true_Ofen_an,Ofen an,22.5617,24.387649999999997
74_speech_true_Staubsauger_aus_Ofen_aus,Staubsauger aus,10.2999,12.72487
74_speech_true_Staubsauger_aus_Ofen_aus,Ofen aus,17.9748,19.19979
85_speech_false_Fernseher_an,Fernseher an,9.41005,10.71144
88_speech_true_Lüftung_an,Lüftung an,8.62382,10.2486
89_speech_true_Heizung_aus,Heizung aus,10.1542,11.40471
90_speech_true_Staubsauger_aus,Staubsauger aus,3.67532,5.47548
93_speech_false_Alarm_aus,Alarm aus,1.27548,2.77604
96_speech_false_Licht_an_Heizung_an,Licht an,13.6587,14.93451
96_speech_false_Licht_an_Heizung_an,Heizung an,17.8364,19.26231
97_speech_false_Lüftung_aus_Fernseher_an,Lüftung aus,2.34988,3.67481
97_speech_false_Lüftung_aus_Fernseher_an,Fernseher an,11.6994,12.89934
98_speech_true_Alarm_aus_Lüftung_aus_Heizung_aus,Alarm aus,11.4553,12.88096
98_speech_true_Alarm_aus_Lüftung_aus_Heizung_aus,Lüftung aus,14.1815,15.43208
98_speech_true_Alarm_aus_Lüftung_aus_Heizung_aus,Heizung aus,19.7591,21.18476
99_speech_false_Heizung_an_Staubsauger_an_Lüftung_aus,Heizung an,5.17449,7.22429
99_speech_false_Heizung_an_Staubsauger_an_Lüftung_aus,Staubsauger an,13.4737,15.34851
99_speech_false_Heizung_an_Staubsauger_an_Lüftung_aus,Lüftung aus,22.9977,24.947509999999998
102_speech_true_Licht_aus_Alarm_an,Licht aus,14.625,15.7
102_speech_true_Licht_aus_Alarm_an,Alarm an,16.35,17.75
104_speech_false_Heizung_an_Staubsauger_an,Heizung an,3.40212,4.55284
104_speech_false_Heizung_an_Staubsauger_an,Staubsauger an,16.4102,18.16129
105_speech_true_Heizung_an,Heizung an,6.7367,7.91374
107_speech_true_Lüftung_an,Lüftung an,12.0073,13.25806
108_speech_true_Licht_aus,Licht aus,4.08209,5.3342600000000004
120_speech_true_Licht_an,Licht an,13.934,15.13477
121_speech_true_Heizung_an,Heizung an,9.57735,10.82766
123_speech_true_Fernseher_an,Fernseher an,16.4592,17.96004
124_speech_true_Lüftung_aus,Lüftung aus,7.75117,9.451419999999999
126_speech_true_Staubsauger_an_Radio_aus,Staubsauger an,9.8024,11.627849999999999
126_speech_true_Staubsauger_an_Radio_aus,Radio aus,16.329,17.754350000000002
128_speech_true_Alarm_an,Alarm an,14.445,15.719560000000001
129_speech_false_Heizung_aus_Licht_aus,Heizung aus,18.1185,19.318070000000002
129_speech_false_Heizung_aus_Licht_aus,Licht aus,20.3427,21.867150000000002
130_speech_true_Licht_aus,Licht aus,11.9474,13.24712
132_speech_true_Fernseher_an,Fernseher an,11.3742,12.374126
133_speech_true_Heizung_an,Heizung an,9.44782,10.74752
134_speech_false_Lüftung_aus,Lüftung aus,15.0725,17.04717
135_speech_true_Ofen_an_Radio_an,Ofen an,12.336,13.311873
135_speech_true_Ofen_an_Radio_an,Radio an,14.3128,15.5389
140_speech_true_Fernseher_an,Fernseher an,9.33092,10.756820000000001
141_speech_true_Radio_an,Radio an,15.1252,16.325219999999998
143_speech_false_Alarm_aus,Alarm aus,13.1104,14.061152
146_speech_false_Ofen_an,Ofen an,9.62608,10.62619
148_speech_false_Lüftung_an,Lüftung an,6.10444,7.3803600000000005
150_speech_false_Lüftung_aus_Heizung_aus,Lüftung aus,10.1026,11.60299
150_speech_false_Lüftung_aus_Heizung_aus,Heizung aus,12.2281,13.4034
151_speech_true_Heizung_aus_Licht_aus,Heizung aus,7.20093,8.5261
151_speech_true_Heizung_aus_Licht_aus,Licht aus,8.87614,9.951279999999999
152_speech_true_Licht_an,Licht an,11.3233,12.223164
153_speech_false_Radio_an,Radio an,10.3641,11.69091
155_speech_false_Alarm_an_Ofen_an,Alarm an,9.56318,10.7398
155_speech_false_Alarm_an_Ofen_an,Ofen an,11.1153,12.26689
156_speech_true_Staubsauger_an_Fernseher_aus,Staubsauger an,19.7816,21.25704
156_speech_true_Staubsauger_an_Fernseher_aus,Fernseher aus,21.2571,22.48248
157_speech_true_Fernseher_aus,Fernseher aus,19.2357,20.58644
163_speech_true_Fernseher_aus_Licht_aus,Fernseher aus,10.7205,12.19488
163_speech_true_Fernseher_aus_Licht_aus,Licht aus,13.1694,14.743739999999999
164_speech_true_Heizung_aus,Heizung aus,7.78086,8.80663
165_speech_false_Lüftung_aus,Lüftung aus,10.8788,12.55438
166_speech_true_Ofen_an_Radio_an,Ofen an,9.55622,10.73199
166_speech_true_Ofen_an_Radio_an,Radio an,11.9328,13.03352
167_speech_false_Alarm_an,Alarm an,8.12316,9.97274
168_speech_true_Staubsauger_an,Staubsauger an,11.0884,12.49009
169_speech_false_Ofen_an_Radio_an,Ofen an,18.5698,19.919420000000002
169_speech_false_Ofen_an_Radio_an,Radio an,20.8192,22.2438
173_speech_false_Heizung_an,Heizung an,14.4072,15.232650999999999
174_speech_true_Licht_aus,Licht aus,12.9507,13.675739
180_speech_true_Alarm_an_Staubsauger_an_Radio_an,Alarm an,11.4228,12.4726
180_speech_true_Alarm_an_Staubsauger_an_Radio_an,Staubsauger an,13.6224,14.897160000000001
180_speech_true_Alarm_an_Staubsauger_an_Radio_an,Radio an,15.897,16.771833
182_speech_false_Heizung_an_Licht_aus,Heizung an,11.3325,12.95855
182_speech_false_Heizung_an_Licht_aus,Licht aus,15.8855,17.4115
183_speech_false_Fernseher_aus_Lüftung_aus,Fernseher aus,10.1479,11.84755
183_speech_false_Fernseher_aus_Lüftung_aus,Lüftung aus,16.7965,18.146220000000003
184_speech_true_Licht_an_Licht_aus,Licht an,8.50305,9.50341
184_speech_true_Licht_an_Licht_aus,Licht aus,17.4563,18.631719999999998
185_speech_true_Ofen_aus_Alarm_an_Ofen_aus,Ofen aus,6.75227,8.22777
185_speech_true_Ofen_aus_Alarm_an_Ofen_aus,Alarm an,11.7289,13.0794
185_speech_true_Ofen_aus_Alarm_an_Ofen_aus,Ofen aus,16.2305,17.40589
186_speech_false_Radio_an,Radio an,12.7819,14.00756
194_speech_false_Staubsauger_an,Staubsauger an,15.6571,17.48293
195_speech_true_Alarm_aus,Alarm aus,13.4528,14.62804
197_speech_false_Ofen_an_Fernseher_aus,Ofen an,20.3456,21.89526
197_speech_false_Ofen_an_Fernseher_aus,Fernseher aus,22.87,24.294690000000003
199_speech_true_Radio_aus,Radio aus,13.9071,14.98265
200_speech_false_Licht_aus_Alarm_an,Licht aus,4.68119,5.507283
200_speech_false_Licht_aus_Alarm_an,Alarm an,7.96053,9.13709
201_speech_false_Radio_an,Radio an,5.15424,7.18091
202_speech_true_Ofen_aus_Staubsauger_an,Ofen aus,5.30804,6.309559
202_speech_true_Ofen_aus_Staubsauger_an,Staubsauger an,7.01062,8.663120000000001
204_speech_false_Lüftung_an,Lüftung an,3.3241,5.47351
206_speech_true_Licht_an_Heizung_an,Licht an,0.950442,2.125992
206_speech_true_Licht_an_Heizung_an,Heizung an,7.45347,9.17927
213_speech_false_Fernseher_an,Fernseher an,10.2046,11.83033
215_speech_false_Heizung_aus_Licht_aus,Heizung aus,3.52912,4.78058
215_speech_false_Heizung_aus_Licht_aus,Licht aus,11.4634,12.76492
216_speech_true_Fernseher_an_Licht_aus,Fernseher an,5.30182,6.602270000000001
216_speech_true_Fernseher_an_Licht_aus,Licht aus,12.0791,13.35454
217_speech_true_Lüftung_an,Lüftung an,6.75588,8.00697
218_speech_false_Fernseher_an,Fernseher an,8.1228,9.77235
220_speech_false_Heizung_aus_Licht_aus,Heizung aus,10.1731,11.69781
220_speech_false_Heizung_aus_Licht_aus,Licht aus,13.0225,14.34726
221_speech_true_Heizung_aus_Lüftung_an,Heizung aus,6.60994,7.96197
221_speech_true_Heizung_aus_Lüftung_an,Lüftung an,8.43769,9.56438
222_speech_true_Fernseher_aus,Fernseher aus,10.3886,11.51507
223_speech_false_Ofen_an,Ofen an,8.14919,9.474060000000001
226_speech_true_Alarm_an_Radio_aus,Alarm an,7.32707,8.90251
226_speech_true_Alarm_an_Radio_aus,Radio aus,9.90279,11.178149999999999
230_speech_false_Licht_aus_Heizung_aus,Licht aus,12.2258,13.47589
230_speech_false_Licht_aus_Heizung_aus,Heizung aus,15.5011,17.0012
231_speech_true_Fernseher_an_Lüftung_an,Fernseher an,6.44929,8.34908
231_speech_true_Fernseher_an_Lüftung_an,Lüftung an,14.9483,16.798099999999998
232_speech_true_Heizung_aus,Heizung aus,7.0091,9.31209
234_speech_false_Alarm_aus_Licht_an,Alarm aus,11.6712,12.77087
234_speech_false_Alarm_aus_Licht_an,Licht an,19.0688,20.24342
235_speech_true_Staubsauger_an,Staubsauger an,6.27266,7.54718
236_speech_false_Ofen_an,Ofen an,8.656,10.05697
238_speech_false_Heizung_an,Heizung an,2.79912,4.37362
240_speech_true_Licht_an_Radio_aus_Staubsauger_aus,Licht an,6.32339,7.348129999999999
240_speech_true_Licht_an_Radio_aus_Staubsauger_aus,Radio aus,10.9972,12.49682
240_speech_true_Licht_an_Radio_aus_Staubsauger_aus,Staubsauger aus,13.3466,15.02117
275_speech_false_Heizung_an,Heizung an,7.72319,8.99789
277_speech_false_Licht_aus_Lüftung_an,Licht aus,4.32819,5.67919
277_speech_false_Licht_aus_Lüftung_an,Lüftung an,8.78148,10.00738
279_speech_false_Alarm_aus,Alarm aus,8.8128,9.739144999999999
280_speech_true_Radio_an,Radio an,0.775073,2.125203
286_speech_false_Lüftung_an,Lüftung an,6.5288,7.80454
287_speech_false_Fernseher_an_Heizung_aus_Licht_an_Lüftung_aus,Fernseher an,1.97425,3.4237
287_speech_false_Fernseher_an_Heizung_aus_Licht_an_Lüftung_aus,Heizung aus,3.74858,5.24801
287_speech_false_Fernseher_an_Heizung_aus_Licht_an_Lüftung_aus,Licht an,5.79781,7.27225
287_speech_false_Fernseher_an_Heizung_aus_Licht_an_Lüftung_aus,Lüftung aus,7.72208,9.57138
289_speech_false_Ofen_an_Alarm_aus_Radio_an_Staubsauger_aus,Ofen an,0.900534,2.7015979999999997
289_speech_false_Ofen_an_Alarm_aus_Radio_an_Staubsauger_aus,Alarm aus,3.50208,5.2531099999999995
289_speech_false_Ofen_an_Alarm_aus_Radio_an_Staubsauger_aus,Radio an,6.17866,7.97973
289_speech_false_Ofen_an_Alarm_aus_Radio_an_Staubsauger_aus,Staubsauger aus,8.75519,10.606290000000001
293_speech_false_Fernseher_an,Fernseher an,9.30625,10.88231
295_speech_false_Licht_aus_Lüftung_an,Licht aus,8.07186,9.44633
295_speech_false_Licht_aus_Lüftung_an,Lüftung an,12.92,14.41942
296_speech_true_Licht_an_Heizung_aus,Licht an,9.2719,11.221250000000001
296_speech_true_Licht_an_Heizung_aus,Heizung aus,15.2199,17.04429
297_speech_true_Fernseher_aus,Fernseher aus,4.54837,6.04783
298_speech_true_Alarm_aus,Alarm aus,7.64676,9.14612
301_speech_true_Staubsauger_aus_Radio_an,Staubsauger aus,12.3514,13.62655
301_speech_true_Staubsauger_aus_Radio_an,Radio an,16.2019,17.27703
302_speech_true_Radio_an,Radio an,14.9587,16.3345
303_speech_false_Ofen_aus,Ofen aus,8.52231,9.89688
304_speech_false_Fernseher_aus_Licht_aus,Fernseher aus,2.09983,3.7996999999999996
304_speech_false_Fernseher_aus_Licht_aus,Licht aus,5.44957,7.0994399999999995
306_speech_false_Staubsauger_an_Alarm_an,Staubsauger an,9.34968,11.174619999999999
306_speech_false_Staubsauger_an_Alarm_an,Alarm an,20.4743,22.24924
307_speech_false_Radio_aus,Radio aus,12.2541,13.50452
308_speech_true_Heizung_an,Heizung an,10.9605,12.48696
310_speech_true_Radio_an,Radio an,8.45663,9.95781
313_speech_false_Fernseher_an,Fernseher an,5.84983,7.17479
315_speech_false_Heizung_an,Heizung an,4.53907,5.79296
318_speech_false_Ofen_aus,Ofen aus,5.70939,6.585831
321_speech_true_Ofen_an,Ofen an,8.13301,8.983854
322_speech_true_Licht_aus_Alarm_an,Licht aus,8.45901,9.61024
322_speech_true_Licht_aus_Alarm_an,Alarm an,9.96061,10.861569000000001
334_speech_false_Ofen_an,Ofen an,19.3363,21.51257
335_speech_true_Radio_aus,Radio aus,14.9016,16.62679
337_speech_false_Staubsauger_aus,Staubsauger aus,11.6219,14.39615
339_speech_false_Heizung_an,Heizung an,8.04931,8.824243000000001
340_speech_false_Ofen_an_Licht_aus,Ofen an,8.89678,10.19631
340_speech_false_Ofen_an_Licht_aus,Licht aus,11.121,12.39554
341_speech_true_Lüftung_aus,Lüftung aus,15.7549,16.98028
342_speech_false_Fernseher_aus,Fernseher aus,16.0518,17.20193
347_speech_false_Radio_aus_Alarm_an,Radio aus,9.97405,11.023940000000001
347_speech_false_Radio_aus_Alarm_an,Alarm an,18.5482,19.69809
348_speech_false_Alarm_aus,Alarm aus,11.0234,12.298210000000001
350_speech_false_Ofen_an,Ofen an,7.41311,8.81558
351_speech_true_Radio_aus,Radio aus,11.3791,12.60454
352_speech_false_Staubsauger_aus,Staubsauger aus,8.3116,10.18922
358_speech_false_Ofen_an,Ofen an,8.75432,10.35511
360_speech_false_Radio_aus_Licht_aus,Radio aus,15.0332,16.18383
360_speech_false_Radio_aus_Licht_aus,Licht aus,18.0348,19.18543
361_speech_true_Staubsauger_an_Alarm_an,Staubsauger an,23.5769,24.877
361_speech_true_Staubsauger_an_Alarm_an,Alarm an,26.4771,27.6772
362_speech_true_Heizung_aus,Heizung aus,20.0515,21.626620000000003
363_speech_false_Alarm_an,Alarm an,7.17951,8.48033
365_speech_false_Fernseher_an_Lüftung_aus,Fernseher an,8.48462,10.16152
365_speech_false_Fernseher_an_Lüftung_aus,Lüftung aus,11.1877,12.46415
366_speech_true_Heizung_an_Licht_aus,Heizung an,23.1191,24.44376
366_speech_true_Heizung_an_Licht_aus,Licht aus,25.7934,27.018089999999997
368_speech_false_Radio_an_Radio_aus,Radio an,6.79759,7.84722
368_speech_false_Radio_an_Radio_aus,Radio aus,16.3442,17.193899000000002
372_speech_true_Alarm_an,Alarm an,11.871,13.22054
383_speech_true_Fernseher_an,Fernseher an,10.5336,11.73458
385_speech_true_Licht_an,Licht an,11.4543,12.97987
386_speech_true_Lüftung_aus,Lüftung aus,13.6199,14.794459999999999
388_speech_true_Ofen_an,Ofen an,12.2448,13.269359999999999
389_speech_true_Alarm_aus,Alarm aus,11.0487,12.423540000000001
390_speech_true_Radio_an,Radio an,12.6807,14.08133
391_speech_true_Staubsauger_aus,Staubsauger aus,10.8526,11.827834000000001
394_speech_false_Licht_an,Licht an,15.1458,16.17052
395_speech_true_Fernseher_an,Fernseher an,8.40094,10.42617
396_speech_true_Heizung_aus,Heizung aus,7.55961,9.336870000000001
397_speech_false_Lüftung_aus,Lüftung aus,9.58585,11.01246
398_speech_false_Ofen_an_Heizung_aus,Ofen an,6.58293,8.33504
398_speech_false_Ofen_an_Heizung_aus,Heizung aus,10.6128,12.46503
401_speech_true_Staubsauger_an,Staubsauger an,6.95078,8.67597
403_speech_false_Fernseher_aus,Fernseher aus,7.32221,9.07154
404_speech_true_Lüftung_aus,Lüftung aus,14.2233,15.37316
405_speech_false_Lüftung_an,Lüftung an,10.5222,12.4467
410_speech_false_Radio_aus_Alarm_aus,Radio aus,10.9518,12.22699
410_speech_false_Radio_aus_Alarm_aus,Alarm aus,17.5779,19.22819
411_speech_true_Licht_an_Staubsauger_an,Licht an,6.95115,7.801291
411_speech_true_Licht_an_Staubsauger_an,Staubsauger an,14.5774,15.577570000000001
413_speech_false_Fernseher_aus,Fernseher aus,12.2326,13.50839
416_speech_true_Staubsauger_an_Alarm_aus,Staubsauger an,13.7069,15.0826
416_speech_true_Staubsauger_an_Alarm_aus,Alarm aus,20.0101,20.910555000000002
418_speech_true_Alarm_aus_Lüftung_an,Alarm aus,11.48,12.83052
418_speech_true_Alarm_aus_Lüftung_an,Lüftung an,22.3847,23.7853
419_speech_false_Radio_an_Heizung_aus,Radio an,19.4687,20.318423999999997
419_speech_false_Radio_an_Heizung_aus,Heizung aus,23.3174,24.36706
420_speech_true_Staubsauger_aus_Licht_an,Staubsauger aus,14.5496,15.84957
420_speech_true_Staubsauger_aus_Licht_an,Licht an,25.6244,26.44938
421_speech_true_Fernseher_aus_Ofen_an,Fernseher aus,8.57969,9.90541
421_speech_true_Fernseher_aus_Ofen_an,Ofen an,18.5852,19.435665
422_speech_false_Licht_aus_Heizung_an,Licht aus,2.50297,3.55422
422_speech_false_Licht_aus_Heizung_an,Heizung an,9.36112,10.28722
425_speech_false_Staubsauger_aus_Ofen_an,Staubsauger aus,2.20222,3.82886
425_speech_false_Staubsauger_aus_Ofen_an,Ofen an,6.33139,8.00808
427_speech_true_Alarm_aus,Alarm aus,7.68465,8.660876
428_speech_true_Fernseher_an,Fernseher an,13.1314,14.28204
429_speech_true_Heizung_an,Heizung an,13.4346,15.13581
430_speech_true_Lüftung_an,Lüftung an,11.0016,12.20178
431_speech_false_Staubsauger_aus,Staubsauger aus,6.37967,8.00586
433_speech_false_Fernseher_an,Fernseher an,20.1485,21.673379999999998
434_speech_true_Heizung_an,Heizung an,11.1503,12.175329999999999
435_speech_false_Licht_aus,Licht aus,11.8787,13.12909
438_speech_false_Ofen_aus,Ofen aus,10.6106,11.261251999999999
441_speech_true_Staubsauger_an,Staubsauger an,11.9554,13.68118
445_speech_true_Ofen_aus,Ofen aus,8.87146,10.045990000000002
447_speech_true_Alarm_an_Licht_aus,Alarm an,8.79736,10.19694
447_speech_true_Alarm_an_Licht_aus,Licht aus,12.4213,13.695920000000001
460_speech_false_Lüftung_an_Alarm_aus,Lüftung an,4.79837,6.62275
460_speech_false_Lüftung_an_Alarm_aus,Alarm aus,9.29684,11.29616
461_speech_true_Heizung_an_Staubsauger_aus,Heizung an,9.97366,11.298480000000001
461_speech_true_Heizung_an_Staubsauger_aus,Staubsauger aus,15.2979,16.72271
463_speech_false_Licht_an_Heizung_aus,Licht an,3.72543,5.45063
463_speech_false_Licht_an_Heizung_aus,Heizung aus,11.0263,12.95152
466_speech_false_Licht_aus_Ofen_an,Licht aus,7.4292,9.10515
466_speech_false_Licht_aus_Ofen_an,Ofen an,9.30526,10.80611
467_speech_false_Heizung_aus_Licht_an,Heizung aus,7.29955,8.84946
467_speech_false_Heizung_aus_Licht_an,Licht an,9.52442,11.124319999999999
473_speech_false_Fernseher_an,Fernseher an,12.9848,14.71115
475_speech_false_Lüftung_aus_Heizung_an,Lüftung aus,9.925,11.55
475_speech_false_Lüftung_aus_Heizung_an,Heizung an,13.775,14.925
476_speech_true_Fernseher_aus_Licht_aus,Fernseher aus,13.4299,14.78039
476_speech_true_Fernseher_aus_Licht_aus,Licht aus,16.431,17.43137
478_speech_true_Radio_an,Radio an,9.20049,10.72556
479_speech_true_Licht_an,Licht an,10.2856,11.36171
481_speech_true_Staubsauger_an,Staubsauger an,9.32214,10.871659999999999
482_speech_true_Fernseher_an,Fernseher an,5.32275,6.89709
483_speech_true_Licht_aus,Licht aus,4.52899,5.98027
485_speech_true_Ofen_aus,Ofen aus,9.80073,10.975819999999999
486_speech_true_Alarm_aus,Alarm aus,5.12307,6.39759
488_speech_true_Alarm_aus,Alarm aus,9.37358,11.14831
489_speech_true_Fernseher_an,Fernseher an,10.7304,11.680875
491_speech_false_Licht_an_Licht_aus,Licht an,6.62615,7.401284
491_speech_false_Licht_an_Licht_aus,Licht aus,15.6527,16.552856
494_speech_true_Ofen_aus,Ofen aus,11.235,12.41104
496_speech_true_Staubsauger_an_Staubsauger_aus,Staubsauger an,7.65754,8.95882
496_speech_true_Staubsauger_an_Staubsauger_aus,Staubsauger aus,12.8126,13.98876
498_speech_true_Heizung_aus_Lüftung_an,Heizung aus,4.22461,5.62448
498_speech_true_Heizung_aus_Lüftung_an,Lüftung an,8.87418,9.999080000000001
499_speech_false_Licht_an,Licht an,12.9609,13.736552
500_speech_true_Fernseher_an_Licht_aus,Fernseher an,3.42752,4.80353
500_speech_true_Fernseher_an_Licht_aus,Licht aus,13.4849,14.78584
502_speech_false_Licht_aus,Licht aus,21.3744,22.39937
503_speech_true_Alarm_aus_Licht_an,Alarm aus,3.95072,5.57602
503_speech_true_Alarm_aus_Licht_an,Licht an,15.7029,16.678078
513_speech_false_Staubsauger_aus,Staubsauger aus,10.521,12.570229999999999
515_speech_false_Alarm_aus_Radio_aus,Alarm aus,9.43092,10.98189
515_speech_false_Alarm_aus_Radio_aus,Radio aus,11.9075,13.183300000000001
516_speech_true_Staubsauger_an_Radio_an,Staubsauger an,9.80371,11.27927
516_speech_true_Staubsauger_an_Radio_an,Radio an,12.1296,13.33005
518_speech_true_Heizung_aus,Heizung aus,9.475,10.5
519_speech_true_Fernseher_an,Fernseher an,9.47346,10.773249999999999
520_speech_false_Lüftung_aus,Lüftung aus,7.44798,9.122530000000001
521_speech_false_Licht_an,Licht an,8.27823,9.37866
533_speech_true_Ofen_an_Radio_an,Ofen an,11.4826,12.408209
533_speech_true_Ofen_an_Radio_an,Radio an,12.4582,13.48388
538_speech_false_Fernseher_an,Fernseher an,7.08164,8.558019999999999
539_speech_true_Heizung_an,Heizung an,6.55432,8.05531
542_speech_false_Lüftung_an_Heizung_aus,Lüftung an,6.95111,8.20131
542_speech_false_Lüftung_an_Heizung_aus,Heizung aus,9.12645,10.20162
543_speech_false_Fernseher_an,Fernseher an,13.674,14.84891
544_speech_false_Heizung_aus,Heizung aus,20.4,21.275
570_speech_true_Lüftung_an_Heizung_aus,Lüftung an,13.0325,14.78351
570_speech_true_Lüftung_an_Heizung_aus,Heizung aus,14.9836,16.809649999999998
571_speech_false_Fernseher_aus,Fernseher aus,13.3723,14.747029999999999
572_speech_true_Heizung_an_Licht_an,Heizung an,25.7956,27.14528
572_speech_true_Heizung_an_Licht_an,Licht an,27.8702,29.319960000000002
573_speech_true_Alarm_aus,Alarm aus,14.653,15.878250000000001
575_speech_true_Ofen_an,Ofen an,12.1581,13.884239999999998
576_speech_true_Radio_an,Radio an,6.75076,8.17592
577_speech_true_Staubsauger_aus,Staubsauger aus,13.7295,15.8552
583_speech_false_Ofen_aus,Ofen aus,6.50341,7.428895
586_speech_true_Radio_aus_Licht_an,Radio aus,4.74893,6.12362
586_speech_true_Radio_aus_Licht_an,Licht an,7.14839,8.97298
590_speech_false_Fernseher_an_Heizung_aus,Fernseher an,11.5017,12.326825
590_speech_false_Fernseher_an_Heizung_aus,Heizung aus,13.8771,14.602210000000001
591_speech_true_Licht_an_Lüftung_aus,Licht an,10.4233,11.6981
591_speech_true_Licht_an_Lüftung_aus,Lüftung aus,16.4474,17.522229999999997
592_speech_true_Fernseher_an,Fernseher an,14.4246,15.64957
593_speech_false_Radio_aus,Radio aus,21.132,22.48245
594_speech_false_Licht_an_Lüftung_an,Licht an,20.5583,21.73378
594_speech_false_Licht_an_Lüftung_an,Lüftung an,22.134,23.45954
595_speech_false_Fernseher_aus,Fernseher aus,25.6188,26.8685
598_speech_true_Alarm_an_Heizung_aus,Alarm an,4.07674,5.127199999999999
598_speech_true_Alarm_an_Heizung_aus,Heizung aus,6.22767,7.478199999999999
599_speech_true_Ofen_an,Ofen an,10.4239,12.34869
600_speech_false_Heizung_an,Heizung an,9.30488,11.130840000000001
601_speech_false_Lüftung_aus_Heizung_an,Lüftung aus,5.89734,7.17176
601_speech_false_Lüftung_aus_Heizung_an,Heizung an,7.99639,9.19585
603_speech_false_Heizung_aus,Heizung aus,19.4949,20.6446
606_speech_false_Lüftung_an,Lüftung an,22.7844,23.334627
625_speech_false_Fernseher_an,Fernseher an,12.6201,13.444782
627_speech_false_Lüftung_aus,Lüftung aus,13.3831,14.40872
634_speech_true_Heizung_aus,Heizung aus,16.3307,17.681240000000003
635_speech_true_Licht_an,Licht an,32.9324,34.032650000000004
636_speech_true_Licht_an_Lüftung_aus,Licht an,23.6156,24.690170000000002
636_speech_true_Licht_an_Lüftung_aus,Lüftung aus,31.8373,33.3367
638_speech_true_Heizung_an,Heizung an,32.8865,33.686172
644_speech_false_Licht_aus,Licht aus,11.9229,13.472620000000001
648_speech_true_Heizung_an_Licht_aus,Heizung an,8.70362,10.15422
648_speech_true_Heizung_an_Licht_aus,Licht aus,13.7057,14.781175000000001
650_speech_true_Staubsauger_an_Ofen_an,Staubsauger an,4.65144,6.75209
650_speech_true_Staubsauger_an_Ofen_an,Ofen an,9.95308,11.3035
651_speech_false_Fernseher_an_Radio_aus,Fernseher an,8.19941,9.7743
651_speech_false_Fernseher_an_Radio_aus,Radio aus,12.1491,13.499
673_speech_true_Licht_aus_Fernseher_an,Licht aus,8.60206,9.65231
673_speech_true_Licht_aus_Fernseher_an,Fernseher an,11.1027,12.077933
675_speech_false_Alarm_an_Lüftung_aus,Alarm an,7.65202,8.82733
675_speech_false_Alarm_an_Lüftung_aus,Lüftung aus,10.8028,12.72831
676_speech_true_Heizung_aus,Heizung aus,11.3952,12.8446
677_speech_true_Staubsauger_an,Staubsauger an,5.90321,8.12942
679_speech_true_Radio_aus,Radio aus,16.6482,18.098039999999997
681_speech_true_Alarm_aus_Radio_an,Alarm aus,1.97415,3.04869
681_speech_true_Alarm_aus_Radio_an,Radio an,8.22146,9.395950000000001
682_speech_true_Heizung_an,Heizung an,7.96017,9.68738
705_speech_false_Lüftung_aus,Lüftung aus,13.3652,14.61662
706_speech_true_Heizung_an,Heizung an,7.52183,8.82128
707_speech_false_Licht_aus,Licht aus,11.8491,13.249
708_speech_false_Heizung_an,Heizung an,6.62863,8.52967
710_speech_false_Heizung_aus_Licht_aus,Heizung aus,5.83292,7.30992
710_speech_false_Heizung_aus_Licht_aus,Licht aus,8.13604,9.78828
711_speech_true_Heizung_an_Licht_aus,Heizung an,6.52713,7.57747
711_speech_true_Heizung_an_Licht_aus,Licht aus,8.2777,9.253017999999999
713_speech_false_Ofen_an,Ofen an,5.65032,7.0754
715_speech_false_Alarm_an_Radio_aus,Alarm an,5.24839,7.02284
715_speech_false_Alarm_an_Radio_aus,Radio aus,7.22279,8.497399999999999
717_speech_true_Lüftung_aus,Lüftung aus,5.32332,6.67289
723_speech_true_Ofen_aus,Ofen aus,9.02889,10.25442
725_speech_false_Alarm_aus,Alarm aus,4.22538,6.25057
727_speech_true_Licht_an,Licht an,6.66,7.486241
729_speech_false_Ofen_an,Ofen an,7.42684,9.00223
731_speech_false_Radio_aus,Radio aus,12.2212,14.49549
732_speech_true_Alarm_an,Alarm an,9.62358,10.8734
736_speech_false_Licht_aus,Licht aus,13.1375,14.58888
737_speech_true_Fernseher_an,Fernseher an,8.70761,10.05879
739_speech_false_Radio_aus_Licht_aus,Radio aus,11.3546,12.53008
739_speech_false_Radio_aus_Licht_aus,Licht aus,18.3075,19.30791
741_speech_false_Staubsauger_aus,Staubsauger aus,13.9318,15.482579999999999
743_speech_false_Ofen_an_Lüftung_an,Ofen an,8.47814,10.2538
743_speech_false_Ofen_an_Lüftung_an,Lüftung an,10.904,12.30452
745_speech_false_Alarm_an_Radio_an,Alarm an,12.0953,13.06994
745_speech_false_Alarm_an_Radio_an,Radio an,14.7942,15.8188
746_speech_true_Radio_aus,Radio aus,10.1103,11.086297
747_speech_false_Licht_aus_Heizung_an,Licht aus,15.7579,17.10858
747_speech_false_Licht_aus_Heizung_an,Heizung an,18.2341,19.634800000000002
749_speech_true_Alarm_an,Alarm an,13.6582,14.78387
751_speech_false_Ofen_aus,Ofen aus,8.6,9.7
753_speech_false_Radio_aus,Radio aus,11.0345,12.010339
754_speech_false_Licht_aus,Licht aus,11.9985,13.32334
755_speech_true_Alarm_an,Alarm an,13.2993,14.59924
756_speech_false_Radio_aus_Ofen_an,Radio aus,8.55424,9.504711
756_speech_false_Radio_aus_Ofen_an,Ofen an,18.4591,19.434583
758_speech_true_Staubsauger_an,Staubsauger an,12.808,15.0594
759_speech_true_Alarm_aus_Radio_an,Alarm aus,7.1516,8.35187
759_speech_true_Alarm_aus_Radio_an,Radio an,9.17705,10.627369999999999
761_speech_true_Fernseher_an_Licht_aus,Fernseher an,11.2029,12.92835
761_speech_true_Fernseher_an_Licht_aus,Licht aus,14.7538,16.55427
762_speech_false_Heizung_an_Lüftung_aus,Heizung an,9.94749,10.99723
762_speech_false_Heizung_an_Lüftung_aus,Lüftung aus,16.6208,17.74552
764_speech_true_Ofen_an,Ofen an,22.221,23.42078
766_speech_true_Licht_an,Licht an,13.3705,15.39481
767_speech_true_Licht_aus_Fernseher_aus_Alarm_an,Licht aus,11.5289,14.17981
767_speech_true_Licht_aus_Fernseher_aus_Alarm_an,Fernseher aus,19.2816,21.40733
767_speech_true_Licht_aus_Fernseher_aus_Alarm_an,Alarm an,26.0089,28.0596
812_speech_true_Fernseher_an,Fernseher an,16.3711,18.19573
813_speech_true_Licht_aus,Licht aus,19.457,20.98255
814_speech_true_Lüftung_an,Lüftung an,19.7099,20.81045
815_speech_false_Licht_aus,Licht aus,5.3004,6.95052
817_speech_false_Fernseher_an_Heizung_aus,Fernseher an,3.10124,5.42717
817_speech_false_Fernseher_an_Heizung_aus,Heizung aus,7.05282,8.97859
818_speech_true_Lüftung_an,Lüftung an,11.6784,13.80402
819_speech_true_Licht_aus_Heizung_an,Licht aus,7.30373,8.75447
819_speech_true_Licht_aus_Heizung_an,Heizung an,12.3563,14.05717
827_speech_true_Ofen_aus,Ofen aus,12.5308,13.706339999999999
829_speech_true_Staubsauger_an,Staubsauger an,11.5478,13.32246
832_speech_false_Licht_an,Licht an,10.571,12.24537
833_speech_true_Fernseher_aus,Fernseher aus,12.0512,13.42634
834_speech_true_Heizung_aus,Heizung aus,11.3207,12.72017
865_speech_false_Licht_aus_Radio_aus,Licht aus,6.85102,8.02619
865_speech_false_Licht_aus_Radio_aus,Radio aus,10.4516,11.55176
869_speech_true_Staubsauger_an,Staubsauger an,6.84899,8.1488
870_speech_true_Heizung_an,Heizung an,6.79856,8.54819
873_speech_true_Lüftung_aus,Lüftung aus,8.35758,10.30935
874_speech_false_Fernseher_aus,Fernseher aus,15.6635,17.11475
875_speech_false_Ofen_aus,Ofen aus,7.37802,8.82861
878_speech_true_Staubsauger_an_Alarm_an,Staubsauger an,6.88373,8.63596
878_speech_true_Staubsauger_an_Alarm_an,Alarm an,9.63722,11.13913
879_speech_false_Heizung_aus,Heizung aus,10.875,12.4
880_speech_true_Fernseher_aus_Lüftung_aus,Fernseher aus,10.7285,12.854190000000001
880_speech_true_Fernseher_aus_Lüftung_aus,Lüftung aus,14.1296,15.73012
881_speech_true_Radio_an_Fernseher_aus,Radio an,2.62611,3.276384
881_speech_true_Radio_an_Fernseher_aus,Fernseher aus,13.0305,13.855847
882_speech_true_Licht_an,Licht an,10.7243,11.82423
883_speech_false_Heizung_an_Radio_an,Heizung an,8.12846,9.1539
883_speech_false_Heizung_an_Radio_an,Radio an,15.5066,16.9072
907_speech_false_Lüftung_aus,Lüftung aus,6.57774,9.10379
908_speech_false_Lüftung_an,Lüftung an,4.50427,7.03167
911_speech_false_Fernseher_an,Fernseher an,7.648,9.07263
912_speech_false_Licht_aus,Licht aus,5.12514,7.15019
914_speech_false_Ofen_aus_Radio_an,Ofen aus,4.15191,6.47797
914_speech_false_Ofen_aus_Radio_an,Radio an,8.20377,10.129660000000001
945_speech_false_Alarm_an,Alarm an,5.15261,6.27818
947_speech_false_Radio_aus_Ofen_aus,Radio aus,1.85013,2.725194
947_speech_false_Radio_aus_Ofen_aus,Ofen aus,10.0507,11.07577
949_speech_true_Lüftung_aus,Lüftung aus,15.1833,16.33393
950_speech_false_Licht_an,Licht an,3.15488,4.75736
952_speech_false_Ofen_aus_Staubsauger_aus,Ofen aus,3.57795,5.20429
952_speech_false_Ofen_aus_Staubsauger_aus,Staubsauger aus,12.9607,14.962349999999999
965_speech_true_Alarm_aus,Alarm aus,10.4797,12.28051
967_speech_true_Licht_an_Radio_an,Licht an,6.3027,7.67829
967_speech_true_Licht_an_Radio_an,Radio an,8.27855,9.77919
969_speech_false_Ofen_aus,Ofen aus,6.68408,7.98585
970_speech_true_Fernseher_an,Fernseher an,9.07873,10.77943
971_speech_true_Heizung_an,Heizung an,9.16423,10.46625
973_speech_true_Lüftung_an,Lüftung an,11.4071,12.45775
974_speech_true_Alarm_aus,Alarm aus,10.5208,11.7953
976_speech_true_Radio_aus,Radio aus,9.55176,11.52712
977_speech_true_Staubsauger_aus,Staubsauger aus,8.34063,9.993730000000001
980_speech_false_Ofen_aus,Ofen aus,12.0238,13.69854
982_speech_false_Radio_an_Licht_an,Radio an,7.95257,9.02792
982_speech_false_Radio_an_Licht_an,Licht an,9.15296,10.45338
983_speech_true_Staubsauger_aus_Heizung_aus,Staubsauger aus,14.3554,15.45581
983_speech_true_Staubsauger_aus_Heizung_aus,Heizung aus,15.8309,16.681218
984_speech_true_Alarm_an,Alarm an,12.3506,14.50071
985_speech_false_Fernseher_aus,Fernseher aus,8.50171,9.70195
987_speech_false_Heizung_an_Licht_an,Heizung an,9.15184,10.25206
987_speech_false_Heizung_an_Licht_an,Licht an,10.3521,11.47733
989_speech_true_Lüftung_an,Lüftung an,14.9719,16.62156
990_speech_false_Alarm_an,Alarm an,10.979,12.3295
992_speech_true_Radio_an,Radio an,9.38244,10.708490000000001
993_speech_false_Ofen_aus_Staubsauger_aus,Ofen aus,7.54841,8.87313
993_speech_false_Ofen_aus_Staubsauger_aus,Staubsauger aus,9.9979,11.322619999999999
996_speech_false_Heizung_an_Licht_aus,Heizung an,6.42618,8.57657
996_speech_false_Heizung_an_Licht_aus,Licht aus,9.22669,10.57694
997_speech_false_Ofen_aus,Ofen aus,4.98288,6.68557
998_speech_false_Radio_aus_Alarm_an,Radio aus,8.23395,9.63547
998_speech_false_Radio_aus_Alarm_an,Alarm an,10.4363,11.637609999999999
999_speech_false_Lüftung_an,Lüftung an,6.40142,7.77672
1010_speech_true_Radio_an,Radio an,13.031,14.031460000000001
1011_speech_true_Fernseher_an,Fernseher an,14.1103,15.36121
1012_speech_true_Heizung_aus,Heizung aus,11.2052,12.7059
1013_speech_true_Alarm_an,Alarm an,10.5401,11.441394
1014_speech_true_Licht_aus,Licht aus,10.6217,12.09626
1015_speech_false_Lüftung_aus,Lüftung aus,11.3646,12.516079999999999
1016_speech_true_Ofen_an,Ofen an,10.3741,11.324023
1017_speech_false_Staubsauger_aus,Staubsauger aus,9.96076,11.3873
1036_speech_false_Licht_aus,Licht aus,22.1509,23.75097
1039_speech_false_Heizung_an,Heizung an,14.0531,15.403400000000001
1042_speech_false_Radio_an_Staubsauger_aus,Radio an,9.24824,10.34803
1042_speech_false_Radio_an_Staubsauger_aus,Staubsauger aus,16.5968,18.671400000000002
1044_speech_false_Lüftung_aus_Heizung_an,Lüftung aus,10.9273,12.30259
1044_speech_false_Lüftung_aus_Heizung_an,Heizung an,14.5281,15.478297000000001
1057_speech_false_Fernseher_an_Licht_aus,Fernseher an,8.17938,9.75522
1057_speech_false_Fernseher_an_Licht_aus,Licht aus,11.3561,12.60677
1058_speech_true_Licht_an_Licht_aus,Licht an,10.7491,12.37397
1058_speech_true_Licht_an_Licht_aus,Licht aus,20.6983,21.72322
1059_speech_false_Lüftung_aus,Lüftung aus,15.496,17.39551
1060_speech_false_Alarm_aus_Licht_an,Alarm aus,3.49962,4.5995
1060_speech_false_Alarm_aus_Licht_an,Licht an,8.99902,10.123899999999999
1062_speech_true_Ofen_aus_Alarm_an,Ofen aus,6.12716,7.72773
1062_speech_true_Ofen_aus_Alarm_an,Alarm an,11.0039,12.67949
1063_speech_true_Staubsauger_aus,Staubsauger aus,3.2767,5.37779
1064_speech_true_Radio_an,Radio an,12.5257,14.025780000000001
1070_speech_true_Licht_an_Licht_aus_Licht_an_Licht_aus,Licht an,4.65363,5.354176
1070_speech_true_Licht_an_Licht_aus_Licht_an_Licht_aus,Licht aus,5.62939,6.229858
1070_speech_true_Licht_an_Licht_aus_Licht_an_Licht_aus,Licht an,6.50507,7.205616
1070_speech_true_Licht_an_Licht_aus_Licht_an_Licht_aus,Licht aus,7.45581,8.181375
1071_speech_true_Ofen_aus_Radio_aus_Lüftung_an,Ofen aus,4.67909,6.080310000000001
1071_speech_true_Ofen_aus_Radio_aus_Lüftung_an,Radio aus,6.1804,7.756779999999999
1071_speech_true_Ofen_aus_Radio_aus_Lüftung_an,Lüftung an,10.0838,11.58511
1072_speech_false_Heizung_an,Heizung an,11.4745,12.99944
1075_speech_false_Fernseher_an,Fernseher an,6.34925,7.47412
1077_speech_true_Staubsauger_aus_Alarm_aus,Staubsauger aus,8.69651,9.94601
1077_speech_true_Staubsauger_aus_Alarm_aus,Alarm aus,10.3209,11.270519
1078_speech_true_Ofen_an_Heizung_an,Ofen an,11.3839,12.6599
1078_speech_true_Ofen_an_Heizung_an,Heizung an,12.9101,14.061
1080_speech_true_Lüftung_an,Lüftung an,6.68235,7.93373
1081_speech_true_Licht_an,Licht an,12.8531,14.27844
1084_speech_true_Radio_aus,Radio aus,10.997,12.521600000000001
1086_speech_false_Licht_aus_Alarm_an,Licht aus,17.2438,18.34341
1086_speech_false_Licht_aus_Alarm_an,Alarm an,22.9418,23.99143
1087_speech_false_Radio_aus_Alarm_an,Radio aus,2.94974,4.39961
1087_speech_false_Radio_aus_Alarm_an,Alarm an,20.0232,21.448079999999997
1088_speech_true_Ofen_aus,Ofen aus,12.3215,13.79608
1089_speech_false_Staubsauger_an,Staubsauger an,11.7003,13.12533
1097_speech_false_Radio_aus_Licht_aus,Radio aus,2.12451,3.57418
1097_speech_false_Radio_aus_Licht_aus,Licht aus,4.79889,6.0736
1098_speech_true_Alarm_an_Staubsauger_an,Alarm an,4.0769,5.37751
1098_speech_true_Alarm_an_Staubsauger_an,Staubsauger an,7.17835,8.52898
1099_speech_true_Ofen_aus,Ofen aus,9.73342,11.534980000000001
1100_speech_false_Fernseher_an,Fernseher an,10.8615,12.588330000000001
1101_speech_false_Heizung_an,Heizung an,6.66248,8.14025
1102_speech_false_Licht_aus,Licht aus,11.2522,12.37742
1115_speech_true_Fernseher_an,Fernseher an,13.285,15.38659
1117_speech_false_Heizung_aus,Heizung aus,11.0373,11.938307
1119_speech_false_Lüftung_aus,Lüftung aus,9.50348,10.95401
1120_speech_true_Ofen_an,Ofen an,14.3254,15.47543
1122_speech_false_Alarm_aus,Alarm aus,10.9253,12.45035
1124_speech_false_Radio_aus_Staubsauger_aus,Radio aus,2.95162,4.27735
1124_speech_false_Radio_aus_Staubsauger_aus,Staubsauger aus,7.85432,9.255090000000001
1127_speech_false_Licht_aus_Radio_an,Licht aus,9.62679,10.676983
1127_speech_false_Licht_aus_Radio_an,Radio an,14.5027,15.50289
1128_speech_false_Lüftung_an,Lüftung an,10.9954,12.619720000000001
1129_speech_true_Fernseher_aus,Fernseher aus,9.15,10.475
1131_speech_true_Radio_aus_Lüftung_aus,Radio aus,10.131,11.38175
1131_speech_true_Radio_aus_Lüftung_aus,Lüftung aus,12.2573,13.70817
1132_speech_false_Alarm_an,Alarm an,18.434,20.109820000000003
1133_speech_false_Staubsauger_an,Staubsauger an,10.7789,11.8793
1135_speech_true_Ofen_an_Alarm_aus,Ofen an,1.89914,2.698779
1135_speech_true_Ofen_an_Alarm_aus,Alarm aus,2.99865,3.823277
1136_speech_false_Radio_aus_Staubsauger_an,Radio aus,3.07718,4.62828
1136_speech_false_Radio_aus_Staubsauger_an,Staubsauger an,13.1593,15.1357
1137_speech_true_Alarm_an,Alarm an,6.15046,7.125532
1138_speech_false_Staubsauger_aus,Staubsauger aus,6.3031,8.05396
1145_speech_true_Alarm_an_Radio_aus,Alarm an,5.67561,7.100770000000001
1145_speech_true_Alarm_an_Radio_aus,Radio aus,7.57581,9.62604
1146_speech_true_Fernseher_an_Heizung_an,Fernseher an,3.82469,5.22458
1146_speech_true_Fernseher_an_Heizung_an,Heizung an,7.67438,9.19926
1148_speech_true_Ofen_aus_Radio_aus_Staubsauger_aus,Ofen aus,9.70018,10.950199999999999
1148_speech_true_Ofen_aus_Radio_aus_Staubsauger_aus,Radio aus,11.4752,12.52522
1148_speech_true_Ofen_aus_Radio_aus_Staubsauger_aus,Staubsauger aus,13.0252,14.32522
1149_speech_true_Ofen_an_Radio_an,Ofen an,9.28179,10.707840000000001
1149_speech_true_Ofen_an_Radio_an,Radio an,11.9087,13.30973
1161_speech_false_Alarm_an_Radio_aus,Alarm an,4.78007,5.455787
1161_speech_false_Alarm_an_Radio_aus,Radio aus,10.7864,11.487144
1162_speech_false_Ofen_aus_Staubsauger_an,Ofen aus,5.42589,6.101001
1162_speech_false_Ofen_aus_Staubsauger_an,Staubsauger an,13.5772,14.377332
1163_speech_true_Alarm_aus,Alarm aus,9.69837,10.97316
1164_speech_true_Radio_an,Radio an,11.1823,12.258009999999999
1165_speech_false_Fernseher_an,Fernseher an,9.1079,10.8344
1167_speech_false_Heizung_an_Lüftung_aus,Heizung an,12.0228,12.997624
1167_speech_false_Heizung_an_Lüftung_aus,Lüftung aus,14.1974,15.147228
1168_speech_true_Fernseher_aus_Licht_aus,Fernseher aus,5.72913,5.779166
1168_speech_true_Fernseher_aus_Licht_aus,Licht aus,9.13158,11.78349
1169_speech_true_Heizung_an,Heizung an,11.247,12.3467
1172_speech_false_Radio_aus_Staubsauger_an,Radio aus,6.55294,7.62842
1172_speech_false_Radio_aus_Staubsauger_an,Staubsauger an,8.35375,9.77939
1173_speech_true_Alarm_an_Radio_aus,Alarm an,7.02446,8.09938
1173_speech_true_Alarm_an_Radio_aus,Radio aus,9.1243,10.074227
1174_speech_true_Staubsauger_an,Staubsauger an,8.28694,9.889249999999999
1175_speech_false_Lüftung_an,Lüftung an,16.6768,17.95194
1177_speech_false_Heizung_an_Licht_aus,Heizung an,4.35249,6.103490000000001
1177_speech_false_Heizung_an_Licht_aus,Licht aus,10.2308,12.056840000000001
1178_speech_true_Fernseher_an_Lüftung_aus,Fernseher an,6.2765,8.02692
1178_speech_true_Fernseher_an_Lüftung_aus,Lüftung aus,14.2284,15.753770000000001
1179_speech_true_Fernseher_aus,Fernseher aus,12.0489,13.1988
1183_speech_false_Heizung_aus_Lüftung_an,Heizung aus,7.64666,8.82115
1183_speech_false_Heizung_aus_Lüftung_an,Lüftung an,18.392,19.51651
1185_speech_false_Alarm_aus_Licht_an,Alarm aus,12.8841,14.28509
1185_speech_false_Alarm_aus_Licht_an,Licht an,15.3358,16.486610000000002
1186_speech_false_Radio_an,Radio an,10.9564,11.982000000000001
1187_speech_false_Staubsauger_aus,Staubsauger aus,10.9321,12.68323
1188_speech_true_Ofen_an,Ofen an,16.0934,17.467850000000002
1192_speech_true_Heizung_an,Heizung an,5.22358,6.34827
1194_speech_true_Licht_an,Licht an,1.6246,2.474389
1195_speech_true_Fernseher_aus_Licht_aus,Fernseher aus,1.99966,2.949497
1195_speech_true_Fernseher_aus_Licht_aus,Licht aus,8.49854,9.223416
1196_speech_true_Ofen_an,Ofen an,9.24694,10.49653
1198_speech_true_Lüftung_an,Lüftung an,10.4967,11.89626
1199_speech_true_Radio_aus_Ofen_aus,Radio aus,4.85435,5.88027
1199_speech_true_Radio_aus_Ofen_aus,Ofen aus,9.80879,10.484395
1217_speech_false_Ofen_aus,Ofen aus,18.5716,19.87136
1218_speech_true_Staubsauger_aus,Staubsauger aus,11.576,14.05119
1219_speech_true_Radio_an,Radio an,0.650979,2.6539919999999997
1232_speech_true_Radio_aus,Radio aus,5.93094,8.60862
1233_speech_false_Alarm_an_Fernseher_aus_Radio_aus_Lüftung_an_Heizung_aus,Alarm an,0.450179,2.325929
1233_speech_false_Alarm_an_Fernseher_aus_Radio_aus_Lüftung_an_Heizung_aus,Fernseher aus,3.60144,5.82733
1233_speech_false_Alarm_an_Fernseher_aus_Radio_aus_Lüftung_an_Heizung_aus,Radio aus,7.10283,9.35373
1233_speech_false_Alarm_an_Fernseher_aus_Radio_aus_Lüftung_an_Heizung_aus,Lüftung an,10.5542,12.88013
1233_speech_false_Alarm_an_Fernseher_aus_Radio_aus_Lüftung_an_Heizung_aus,Heizung aus,13.8805,16.20643
1237_speech_false_Alarm_aus_Radio_an_Fernseher_aus_Licht_an_Lüftung_aus_Staubsauger_an_Heizung_aus,Alarm aus,0.275076,2.200606
1237_speech_false_Alarm_aus_Radio_an_Fernseher_aus_Licht_an_Lüftung_aus_Staubsauger_an_Heizung_aus,Radio an,3.65101,5.45151
1237_speech_false_Alarm_aus_Radio_an_Fernseher_aus_Licht_an_Lüftung_aus_Staubsauger_an_Heizung_aus,Fernseher aus,6.62683,8.42733
1237_speech_false_Alarm_aus_Radio_an_Fernseher_aus_Licht_an_Lüftung_aus_Staubsauger_an_Heizung_aus,Licht an,9.62765,11.503169999999999
1237_speech_false_Alarm_aus_Radio_an_Fernseher_aus_Licht_an_Lüftung_aus_Staubsauger_an_Heizung_aus,Lüftung aus,12.8535,14.75402
1237_speech_false_Alarm_aus_Radio_an_Fernseher_aus_Licht_an_Lüftung_aus_Staubsauger_an_Heizung_aus,Staubsauger an,16.1795,18.055020000000003
1237_speech_false_Alarm_aus_Radio_an_Fernseher_aus_Licht_an_Lüftung_aus_Staubsauger_an_Heizung_aus,Heizung aus,19.2303,21.155829999999998
1239_speech_true_Heizung_aus_Lüftung_an,Heizung aus,0.75049,2.35153
1239_speech_true_Heizung_aus_Lüftung_an,Lüftung an,8.53057,10.1066
1255_speech_false_Licht_aus_Fernseher_an,Licht aus,5.42581,7.07606
1255_speech_false_Licht_aus_Fernseher_an,Fernseher an,7.67614,9.32639
1256_speech_true_Staubsauger_an_Licht_aus,Staubsauger an,25.2429,26.717489999999998
1256_speech_true_Staubsauger_an_Licht_aus,Licht aus,27.4173,28.59197
1257_speech_true_Heizung_an,Heizung an,13.549,14.748909999999999
1258_speech_false_Radio_aus_Alarm_an,Radio aus,2.5767,4.05267
1258_speech_false_Radio_aus_Alarm_an,Alarm an,6.90456,8.3305
1260_speech_false_Lüftung_an_Ofen_aus,Lüftung an,3.5527,5.40411
1260_speech_false_Lüftung_an_Ofen_aus,Ofen aus,8.20623,9.607289999999999
1262_speech_false_Staubsauger_aus,Staubsauger aus,13.3598,15.11109
1275_speech_false_Heizung_an,Heizung an,8.42963,10.455739999999999
1276_speech_false_Licht_aus,Licht aus,7.66167,9.46442
1277_speech_true_Lüftung_an,Lüftung an,7.60889,9.66129
1278_speech_true_Fernseher_aus,Fernseher aus,9.52872,11.279399999999999
1280_speech_false_Alarm_aus,Alarm aus,11.5492,13.074090000000002
1282_speech_false_Ofen_an,Ofen an,10.0329,11.65918
1283_speech_false_Radio_aus,Radio aus,9.07648,11.10181
1285_speech_true_Alarm_aus,Alarm aus,26.5552,28.30554
1286_speech_false_Fernseher_an,Fernseher an,20.5246,21.89958
1287_speech_true_Heizung_an,Heizung an,7.32364,8.89835
1288_speech_false_Licht_aus,Licht aus,15.4509,16.275949
1289_speech_false_Lüftung_aus,Lüftung aus,19.0858,20.6867
1292_speech_false_Ofen_an,Ofen an,12.5242,13.949110000000001
1293_speech_true_Radio_an,Radio an,23.7742,25.024160000000002
1294_speech_false_Staubsauger_aus,Staubsauger aus,25.628,27.45321
1305_speech_true_Ofen_an,Ofen an,8.23571,9.66256
1306_speech_true_Staubsauger_aus_Fernseher_an,Staubsauger aus,3.34955,4.87434
1306_speech_true_Staubsauger_aus_Fernseher_an,Fernseher an,12.2234,13.6982
1307_speech_true_Radio_an_Radio_aus,Radio an,7.12683,8.5522
1307_speech_true_Radio_an_Radio_aus,Radio aus,22.6558,23.93113
1309_speech_false_Fernseher_aus_Radio_aus_Alarm_an,Fernseher aus,12.621,13.64567
1309_speech_false_Fernseher_aus_Radio_aus_Alarm_an,Radio aus,14.3454,15.47004
1309_speech_false_Fernseher_aus_Radio_aus_Alarm_an,Alarm an,16.7697,18.094189999999998
1310_speech_false_Ofen_an,Ofen an,9.4781,10.52844
1312_speech_false_Radio_aus_Licht_aus,Radio aus,7.69752,8.94712
1312_speech_false_Radio_aus_Licht_aus,Licht aus,10.3467,11.171434
1313_speech_true_Staubsauger_an_Alarm_an,Staubsauger an,8.62663,10.27694
1313_speech_true_Staubsauger_an_Alarm_an,Alarm an,10.602,11.677200000000001
1314_speech_true_Heizung_aus,Heizung aus,10.0583,10.909004
1317_speech_false_Heizung_aus_Ofen_aus,Heizung aus,8.93391,9.784758
1317_speech_false_Heizung_aus_Ofen_aus,Ofen aus,10.2102,11.111098
1319_speech_true_Lüftung_aus,Lüftung aus,11.2606,12.061383
1322_speech_false_Radio_an_Licht_an,Radio an,10.0026,10.902919
1322_speech_false_Radio_an_Licht_an,Licht an,12.5283,13.953660000000001
1323_speech_true_Heizung_an,Heizung an,11.8772,13.80256
1324_speech_false_Lüftung_aus_Fernseher_an,Lüftung aus,10.55,12.425
1324_speech_false_Lüftung_aus_Fernseher_an,Fernseher an,18.55,20.425
1328_speech_true_Licht_aus_Heizung_aus,Licht aus,13.1302,14.105587
1328_speech_true_Licht_aus_Heizung_aus,Heizung aus,14.9809,16.35645
1330_speech_false_Heizung_an,Heizung an,9.20493,10.480609999999999
1332_speech_false_Licht_aus_Lüftung_aus,Licht aus,6.37967,7.8557500000000005
1332_speech_false_Licht_aus_Lüftung_aus,Lüftung aus,8.53124,10.20747
1333_speech_true_Fernseher_an_Alarm_an,Fernseher an,8.45,10.274999999999999
1333_speech_true_Fernseher_an_Alarm_an,Alarm an,11.2,12.575
1337_speech_true_Staubsauger_aus,Staubsauger aus,9.73637,11.16304
1338_speech_false_Lüftung_an,Lüftung an,12.0259,13.17598
1339_speech_true_Ofen_aus,Ofen aus,8.63807,11.19194
1351_speech_false_Alarm_aus,Alarm aus,11.9288,13.029150000000001
1356_speech_false_Alarm_an,Alarm an,11.8794,13.00482
1357_speech_false_Ofen_aus,Ofen aus,12.9043,14.32977
1358_speech_false_Staubsauger_aus_Heizung_aus_Alarm_an,Staubsauger aus,2.07477,3.5496
1358_speech_false_Staubsauger_aus_Heizung_aus_Alarm_an,Heizung aus,7.24918,8.52404
1358_speech_false_Staubsauger_aus_Heizung_aus_Alarm_an,Alarm an,12.1986,13.273487
1359_speech_true_Heizung_an_Fernseher_an_Radio_an,Heizung an,1.87565,3.22612
1359_speech_true_Heizung_an_Fernseher_an_Radio_an,Fernseher an,8.90311,10.35362
1359_speech_true_Heizung_an_Fernseher_an_Radio_an,Radio an,21.1824,22.50786
1360_speech_false_Fernseher_an_Licht_aus,Fernseher an,12.6488,14.52362
1360_speech_false_Fernseher_an_Licht_aus,Licht aus,15.6485,17.12336
1363_speech_true_Licht_an_Fernseher_an,Licht an,14.7238,15.84871
1363_speech_true_Licht_an_Fernseher_an,Fernseher an,17.7236,18.9985
1364_speech_true_Fernseher_aus,Fernseher aus,13.6263,14.95143
1365_speech_false_Alarm_aus,Alarm aus,20.3418,21.36639
1367_speech_true_Staubsauger_an_Ofen_an,Staubsauger an,10.7017,11.651852
1367_speech_true_Staubsauger_an_Ofen_an,Ofen an,21.0284,21.928544000000002
1368_speech_false_Radio_aus_Staubsauger_aus,Radio aus,5.72371,6.623507
1368_speech_false_Radio_aus_Staubsauger_aus,Staubsauger aus,7.0984,7.948208
1369_speech_false_Radio_an,Radio an,14.2596,15.735600000000002
1373_speech_true_Lüftung_an,Lüftung an,22.4481,23.648
1374_speech_false_Heizung_aus,Heizung aus,23.1939,24.218629999999997
1380_speech_false_Staubsauger_an,Staubsauger an,7.95345,9.35406
1381_speech_false_Radio_aus,Radio aus,8.65791,9.88403
1382_speech_false_Ofen_aus,Ofen aus,9.8709,11.17036
1383_speech_false_Alarm_an,Alarm an,6.89739,8.59675
1385_speech_false_Fernseher_an,Fernseher an,8.50204,9.752339999999998
1386_speech_false_Heizung_aus,Heizung aus,6.47683,8.17731
1387_speech_false_Licht_an,Licht an,7.12915,8.004659
1388_speech_false_Lüftung_aus,Lüftung aus,7.60783,9.18445
1390_speech_false_Ofen_an,Ofen an,14.3952,15.69477
1392_speech_false_Radio_aus_Fernseher_an,Radio aus,5.22884,6.805
1392_speech_false_Radio_aus_Fernseher_an,Fernseher an,8.83149,10.50772
1393_speech_true_Staubsauger_aus_Alarm_an,Staubsauger aus,7.24688,9.34598
1393_speech_true_Staubsauger_aus_Alarm_an,Alarm an,13.7191,15.21845
1394_speech_true_Heizung_aus,Heizung aus,5.45276,7.02856
1397_speech_false_Fernseher_aus_Radio_an,Fernseher aus,5.02405,6.623749999999999
1397_speech_false_Fernseher_aus_Radio_an,Radio an,10.298,12.57257
1399_speech_true_Licht_an,Licht an,8.87307,9.99783
1400_speech_true_Radio_an,Radio an,21.4405,22.565
1401_speech_false_Staubsauger_aus,Staubsauger aus,13.1697,15.118910000000001
1403_speech_true_Alarm_an,Alarm an,22.677,23.70209
1404_speech_false_Ofen_aus,Ofen aus,14.8865,16.48773
1406_speech_true_Fernseher_an,Fernseher an,4.60083,6.02609
1407_speech_true_Heizung_an,Heizung an,13.4756,14.85066
1409_speech_true_Licht_an,Licht an,12.0404,13.11678
1410_speech_false_Alarm_an,Alarm an,8.66076,10.563130000000001
1411_speech_false_Staubsauger_aus,Staubsauger aus,10.3734,12.49808
1412_speech_false_Radio_aus,Radio aus,4.53778,5.590739999999999
1429_speech_true_Licht_an,Licht an,6.17469,7.124642
1430_speech_true_Lüftung_aus,Lüftung aus,0.975164,2.075344
1431_speech_true_Alarm_an,Alarm an,0.599781,1.824331
1432_speech_true_Radio_aus,Radio aus,0.525517,2.0770470000000003
1433_speech_true_Staubsauger_an,Staubsauger an,2.49923,3.8738099999999998
1434_speech_true_Ofen_aus,Ofen aus,1.97436,2.9740349999999998
1435_speech_false_Licht_an,Licht an,10.1978,11.29757
1437_speech_false_Lüftung_aus_Heizung_aus,Lüftung aus,10.1223,11.19703
1437_speech_false_Lüftung_aus_Heizung_aus,Heizung aus,12.1968,13.29651
1438_speech_true_Fernseher_an_Licht_an,Fernseher an,14.9206,16.19523
1438_speech_true_Fernseher_an_Licht_an,Licht an,16.945,17.894722
1439_speech_true_Radio_aus,Radio aus,15.8957,17.07038
1440_speech_true_Alarm_an,Alarm an,14.8528,15.727965000000001
1441_speech_false_Ofen_an,Ofen an,14.7559,15.831330000000001
1442_speech_false_Staubsauger_an,Staubsauger an,14.3575,15.70821
1443_speech_true_Alarm_aus_Licht_aus,Alarm aus,14.6466,15.596378999999999
1443_speech_true_Alarm_aus_Licht_aus,Licht aus,16.2712,17.37094
1444_speech_true_Heizung_aus,Heizung aus,11.8006,13.025659999999998
1445_speech_false_Lüftung_aus,Lüftung aus,7.60334,8.578769
1446_speech_true_Heizung_an,Heizung an,7.05972,8.36152
1447_speech_true_Fernseher_aus,Fernseher aus,6.35807,7.8099099999999995
1449_speech_true_Licht_an,Licht an,5.45567,7.00728
1466_speech_false_Ofen_an,Ofen an,7.87733,8.852618999999999
1467_speech_false_Ofen_aus_Radio_an,Ofen aus,19.2286,20.25379
1467_speech_false_Ofen_aus_Radio_an,Radio an,20.8539,21.9541
1468_speech_false_Alarm_an_Licht_aus_Heizung_aus,Alarm an,19.4028,20.40294
1468_speech_false_Alarm_an_Licht_aus_Heizung_aus,Licht aus,21.003,21.803115000000002
1468_speech_false_Alarm_an_Licht_aus_Heizung_aus,Heizung aus,22.4282,23.303325
1469_speech_true_Staubsauger_an,Staubsauger an,10.334,12.03548
1470_speech_true_Alarm_aus_Fernseher_an,Alarm aus,5.75502,7.18127
1470_speech_true_Alarm_aus_Fernseher_an,Fernseher an,11.8854,13.51175
1471_speech_false_Lüftung_aus,Lüftung aus,8.38896,10.191960000000002
1472_speech_false_Staubsauger_aus_Staubsauger_an,Staubsauger aus,9.22734,10.35263
1472_speech_false_Staubsauger_aus_Staubsauger_an,Staubsauger an,14.6787,15.578928999999999
1473_speech_false_Licht_aus_Licht_an_Licht_aus_Licht_an_Licht_aus,Licht aus,1.3757,2.60132
1473_speech_false_Licht_aus_Licht_an_Licht_aus_Licht_an_Licht_aus,Licht an,3.1516,4.027044
1473_speech_false_Licht_aus_Licht_an_Licht_aus_Licht_an_Licht_aus,Licht aus,4.82745,5.702894
1473_speech_false_Licht_aus_Licht_an_Licht_aus_Licht_an_Licht_aus,Licht an,6.32821,7.203654
1473_speech_false_Licht_aus_Licht_an_Licht_aus_Licht_an_Licht_aus,Licht aus,8.17914,9.154634
1475_speech_true_Radio_an,Radio an,14.2593,16.06047
1477_speech_true_Alarm_an_Heizung_an,Alarm an,10.1006,11.20066
1477_speech_true_Alarm_an_Heizung_an,Heizung an,15.2259,16.82599
1478_speech_true_Ofen_an,Ofen an,9.42362,11.173359999999999
1485_speech_false_Licht_aus_Radio_an,Licht aus,4.80266,6.52862
1485_speech_false_Licht_aus_Radio_an,Radio an,7.57919,9.20509
1486_speech_false_Lüftung_aus_Ofen_an,Lüftung aus,4.52744,6.1283
1486_speech_false_Lüftung_aus_Ofen_an,Ofen an,9.55515,11.18103
1487_speech_true_Heizung_aus_Alarm_an,Heizung aus,4.48077,6.18296
1487_speech_true_Heizung_aus_Alarm_an,Alarm an,7.58476,9.36205
1488_speech_false_Fernseher_aus,Fernseher aus,13.9747,15.62466
1491_speech_true_Licht_an_Ofen_an_Licht_aus_Heizung_an,Licht an,7.90007,9.550080000000001
1491_speech_true_Licht_an_Ofen_an_Licht_aus_Heizung_an,Ofen an,10.2001,12.150120000000001
1491_speech_true_Licht_an_Ofen_an_Licht_aus_Heizung_an,Licht aus,19.6252,21.10021
1491_speech_true_Licht_an_Ofen_an_Licht_aus_Heizung_an,Heizung an,21.4002,23.10021
1492_speech_false_Lüftung_aus_Fernseher_an_Radio_aus_Staubsauger_aus,Lüftung aus,1.37465,3.1242
1492_speech_false_Lüftung_aus_Fernseher_an_Radio_aus_Staubsauger_aus,Fernseher an,4.19893,6.24841
1492_speech_false_Lüftung_aus_Fernseher_an_Radio_aus_Staubsauger_aus,Radio aus,7.34813,9.59756
1492_speech_false_Lüftung_aus_Fernseher_an_Radio_aus_Staubsauger_aus,Staubsauger aus,10.0474,12.7967
1493_speech_true_Staubsauger_an_Radio_aus_Alarm_an_Fernseher_aus,Staubsauger an,6.35296,8.20382
1493_speech_true_Staubsauger_an_Radio_aus_Alarm_an_Fernseher_aus,Radio aus,11.9055,13.55627
1493_speech_true_Staubsauger_an_Radio_aus_Alarm_an_Fernseher_aus,Alarm an,16.5827,18.083399999999997
1493_speech_true_Staubsauger_an_Radio_aus_Alarm_an_Fernseher_aus,Fernseher aus,20.4595,22.16029
1494_speech_false_Alarm_aus_Radio_an_Lüftung_aus_Staubsauger_aus,Alarm aus,1.57616,3.42752
1494_speech_false_Alarm_aus_Radio_an_Lüftung_aus_Staubsauger_aus,Radio an,4.42825,6.42972
1494_speech_false_Alarm_aus_Radio_an_Lüftung_aus_Staubsauger_aus,Lüftung aus,7.20529,9.20676
1494_speech_false_Alarm_aus_Radio_an_Lüftung_aus_Staubsauger_aus,Staubsauger aus,10.0574,12.38411
1496_speech_true_Staubsauger_an_Lüftung_aus,Staubsauger an,4.3489,6.598330000000001
1496_speech_true_Staubsauger_an_Lüftung_aus,Lüftung aus,11.6471,13.82155
1500_speech_true_Radio_aus,Radio aus,9.17315,10.52288
1502_speech_false_Ofen_an_Radio_an,Ofen an,3.8288,5.33029
1502_speech_false_Ofen_an_Radio_an,Radio an,6.73168,8.35829
1503_speech_true_Heizung_aus_Alarm_aus,Heizung aus,9.6723,11.34683
1503_speech_true_Heizung_aus_Alarm_aus,Alarm aus,11.6967,13.22127
1504_speech_false_Staubsauger_an,Staubsauger an,7.30725,9.008939999999999
1505_speech_true_Ofen_an,Ofen an,5.99784,7.04746
1507_speech_true_Radio_aus,Radio aus,4.05766,5.43526
1509_speech_true_Staubsauger_an_Alarm_an,Staubsauger an,6.20648,7.60794
1509_speech_true_Staubsauger_an_Alarm_an,Alarm an,8.18355,9.61004
1511_speech_true_Licht_aus_Lüftung_an,Licht aus,8.80685,9.85767
1511_speech_true_Licht_aus_Lüftung_an,Lüftung an,15.0117,16.287689999999998
1512_speech_false_Radio_an_Ofen_aus,Radio an,7.52673,8.802019999999999
1512_speech_false_Radio_an_Ofen_aus,Ofen aus,19.2544,20.72974
1517_speech_false_Alarm_aus,Alarm aus,14.999,16.34891
1518_speech_true_Ofen_an,Ofen an,8.00722,9.40848
1519_speech_true_Staubsauger_aus,Staubsauger aus,7.95717,9.78382
1520_speech_false_Lüftung_an_Ofen_aus,Lüftung an,9.02322,11.07282
1520_speech_false_Lüftung_an_Ofen_aus,Ofen aus,15.7719,17.94647
1521_speech_false_Licht_an_Staubsauger_an_Staubsauger_aus_Licht_aus,Licht an,2.09916,3.42363
1521_speech_false_Licht_an_Staubsauger_an_Staubsauger_aus_Licht_aus,Staubsauger an,5.54779,7.24711
1521_speech_false_Licht_an_Staubsauger_an_Staubsauger_aus_Licht_aus,Staubsauger aus,15.1939,16.86823
1521_speech_false_Licht_an_Staubsauger_an_Staubsauger_aus_Licht_aus,Licht aus,22.591,24.015430000000002
1522_speech_false_Alarm_aus_Licht_an_Heizung_an,Alarm aus,3.44886,4.99835
1522_speech_false_Alarm_aus_Licht_an_Heizung_an,Licht an,12.6958,14.120330000000001
1522_speech_false_Alarm_aus_Licht_an_Heizung_an,Heizung an,23.0174,24.791809999999998
1523_speech_false_Fernseher_aus_Heizung_aus_Alarm_an_Licht_aus,Fernseher aus,4.14997,5.69996
1523_speech_false_Fernseher_aus_Heizung_aus_Alarm_an_Licht_aus,Heizung aus,11.5999,13.04989
1523_speech_false_Fernseher_aus_Heizung_aus_Alarm_an_Licht_aus,Alarm an,16.7499,18.07489
1523_speech_false_Fernseher_aus_Heizung_aus_Alarm_an_Licht_aus,Licht aus,23.0748,24.17479
1524_speech_false_Lüftung_aus_Radio_an,Lüftung aus,7.27357,9.02323
1524_speech_false_Lüftung_aus_Radio_an,Radio an,14.5721,16.14679
1525_speech_false_Licht_aus_Fernseher_an,Licht aus,2.20081,3.8264
1525_speech_false_Licht_aus_Fernseher_an,Fernseher an,15.3306,17.25631
1526_speech_false_Ofen_an,Ofen an,20.6426,22.317
1527_speech_false_Alarm_aus_Licht_an,Alarm aus,8.30128,9.85152
1527_speech_false_Alarm_aus_Licht_an,Licht an,15.3774,16.72761
1553_speech_false_Alarm_aus_Radio_aus,Alarm aus,22.3242,23.79915
1553_speech_false_Alarm_aus_Radio_aus,Radio aus,24.7491,26.39904
1554_speech_true_Heizung_aus_Licht_an_Lüftung_aus_Radio_an,Heizung aus,8.59844,10.84803
1554_speech_true_Heizung_aus_Licht_an_Lüftung_aus_Radio_an,Licht an,11.4479,13.29756
1554_speech_true_Heizung_aus_Licht_an_Lüftung_aus_Radio_an,Lüftung aus,14.7223,17.4968
1554_speech_true_Heizung_aus_Licht_an_Lüftung_aus_Radio_an,Radio an,20.4963,22.445950000000003
1555_speech_true_Ofen_an_Licht_an,Ofen an,6.92845,7.928946
1555_speech_true_Ofen_an_Licht_an,Licht an,14.8324,15.90794
1556_speech_false_Fernseher_aus,Fernseher aus,5.6245,6.87439
1557_speech_false_Staubsauger_an,Staubsauger an,13.325,15.274999999999999
1558_speech_false_Staubsauger_aus_Licht_an_Alarm_an,Staubsauger aus,9.9817,12.133140000000001
1558_speech_false_Staubsauger_aus_Licht_an_Alarm_an,Licht an,15.1602,17.06148
1558_speech_false_Staubsauger_aus_Licht_an_Alarm_an,Alarm an,18.0871,20.16349
1559_speech_true_Licht_aus_Radio_aus_Alarm_an_Ofen_aus,Licht aus,10.5252,12.20022
1559_speech_true_Licht_aus_Radio_aus_Alarm_an_Ofen_aus,Radio aus,13.1502,14.65022
1559_speech_true_Licht_aus_Radio_aus_Alarm_an_Ofen_aus,Alarm an,16.2502,17.87522
1559_speech_true_Licht_aus_Radio_aus_Alarm_an_Ofen_aus,Ofen aus,24.7504,26.00042
1562_speech_false_Fernseher_an_Heizung_aus,Fernseher an,7.39916,8.824
1562_speech_false_Fernseher_an_Heizung_aus,Heizung aus,19.8727,21.39753
1563_speech_true_Heizung_aus_Lüftung_an,Heizung aus,18.6183,20.442709999999998
1563_speech_true_Heizung_aus_Lüftung_an,Lüftung an,21.4923,23.7165
1564_speech_true_Licht_aus,Licht aus,11.2726,12.74728
1565_speech_true_Alarm_an,Alarm an,20.8354,22.48623
1566_speech_false_Ofen_an,Ofen an,13.9049,15.205359999999999
1568_speech_false_Staubsauger_aus,Staubsauger aus,12.0278,14.05327
1569_speech_true_Alarm_an_Ofen_aus_Radio_aus,Alarm an,17.4516,19.32677
1569_speech_true_Alarm_an_Ofen_aus_Radio_aus,Ofen aus,20.0768,21.60194
1569_speech_true_Alarm_an_Ofen_aus_Radio_aus,Radio aus,22.8771,24.57725
1571_speech_true_Heizung_aus,Heizung aus,9.45969,10.66092
1572_speech_false_Licht_an,Licht an,5.18236,6.7596
1573_speech_false_Lüftung_an,Lüftung an,8.50952,10.6369
1575_speech_true_Ofen_aus,Ofen aus,10.1791,11.45461
1576_speech_true_Alarm_an,Alarm an,4.85736,6.10926
1577_speech_false_Radio_an,Radio an,3.2498,4.8247
1579_speech_false_Staubsauger_aus,Staubsauger aus,7.18109,9.35794
1590_speech_false_Licht_aus_Alarm_an,Licht aus,7.95945,8.81046
1590_speech_false_Licht_aus_Alarm_an,Alarm an,9.71153,10.487451
1591_speech_true_Fernseher_an,Fernseher an,11.8708,13.270309999999998
1592_speech_false_Lüftung_an,Lüftung an,6.70669,8.43341
1594_speech_true_Staubsauger_aus,Staubsauger aus,4.47646,5.72687
1595_speech_true_Radio_an,Radio an,7.50498,8.68076
1598_speech_false_Alarm_aus_Heizung_an,Alarm aus,5.9071,6.883274
1598_speech_false_Alarm_aus_Heizung_an,Heizung an,7.63418,8.560293
1599_speech_true_Fernseher_aus,Fernseher aus,11.6951,13.16948
1600_speech_false_Radio_aus_Licht_aus,Radio aus,12.7276,14.70301
1600_speech_false_Radio_aus_Licht_aus,Licht aus,17.0535,18.70384
1601_speech_false_Licht_aus_Alarm_an,Licht aus,13.6274,14.80261
1601_speech_false_Licht_aus_Alarm_an,Alarm an,15.7278,16.828
1602_speech_true_Staubsauger_an,Staubsauger an,15.8055,17.85622
1605_speech_true_Radio_an_Radio_aus_Fernseher_an,Radio an,2.35052,4.12591
1605_speech_true_Radio_an_Radio_aus_Fernseher_an,Radio aus,15.7535,17.10379
1605_speech_true_Radio_an_Radio_aus_Fernseher_an,Fernseher an,19.4543,21.2797
1607_speech_false_Lüftung_an,Lüftung an,5.97776,8.10374
1608_speech_false_Alarm_aus_Licht_an,Alarm aus,17.0042,18.57959
1608_speech_false_Alarm_aus_Licht_an,Licht an,19.3048,20.85518
1609_speech_false_Fernseher_aus,Fernseher aus,20.5446,22.96896
1626_speech_true_Radio_an_Licht_aus,Radio an,3.47828,4.30406
1626_speech_true_Radio_an_Licht_aus,Licht aus,5.27998,6.30595
1627_speech_false_Licht_an_Lüftung_an,Licht an,2.05136,3.12707
1627_speech_false_Licht_an_Lüftung_an,Lüftung an,16.2608,17.36153
1628_speech_false_Licht_aus_Fernseher_an,Licht aus,7.22789,8.15326
1628_speech_false_Licht_aus_Fernseher_an,Fernseher an,8.30332,9.053619999999999
1629_speech_true_Alarm_aus_Licht_aus,Alarm aus,1.27712,2.27879
1629_speech_true_Alarm_aus_Licht_aus,Licht aus,4.18195,5.058407
1630_speech_true_Heizung_an,Heizung an,5.00296,5.928508
1632_speech_false_Ofen_an_Alarm_an,Ofen an,6.13332,7.0345390000000005
1632_speech_false_Ofen_an_Alarm_an,Alarm an,8.63672,10.5393
1633_speech_false_Staubsauger_aus,Staubsauger aus,6.13321,7.63522
1634_speech_false_Ofen_aus_Lüftung_aus,Ofen aus,3.9005,4.775612
1634_speech_false_Ofen_aus_Lüftung_aus,Lüftung aus,6.30081,7.225929000000001
1645_speech_false_Heizung_an,Heizung an,12.4128,14.28973
1650_speech_true_Licht_aus,Licht aus,12.9751,14.55011
1651_speech_true_Fernseher_an_Licht_aus,Fernseher an,19.151,20.751079999999998
1651_speech_true_Fernseher_an_Licht_aus,Licht aus,21.2761,22.95119
1652_speech_true_Lüftung_an,Lüftung an,16.4501,17.60011
1653_speech_false_Heizung_aus_Licht_an,Heizung aus,16.2091,17.73496
1653_speech_false_Heizung_aus_Licht_an,Licht an,18.3853,19.83612
1656_speech_false_Alarm_an_Ofen_aus,Alarm an,13.9337,15.8599
1656_speech_false_Alarm_an_Ofen_aus,Ofen aus,16.7604,18.686600000000002
1657_speech_false_Radio_aus_Ofen_aus,Radio aus,15.9475,17.77222
1657_speech_false_Radio_aus_Ofen_aus,Ofen aus,18.7471,20.64681
1658_speech_false_Staubsauger_an,Staubsauger an,16.2972,18.44683
1659_speech_true_Radio_an,Radio an,7.6596,9.58702
1670_speech_false_Ofen_aus,Ofen aus,7.4063,8.88256
1672_speech_false_Alarm_aus_Radio_an,Alarm aus,6.40276,7.50324
1672_speech_false_Alarm_aus_Radio_an,Radio an,12.8305,14.206090000000001
1673_speech_true_Ofen_aus_Staubsauger_an,Ofen aus,8.17594,9.701120000000001
1673_speech_true_Ofen_aus_Staubsauger_an,Staubsauger an,14.1016,15.651779999999999
1678_speech_false_Fernseher_an_Radio_aus,Fernseher an,5.60359,6.82937
1678_speech_false_Fernseher_an_Radio_aus,Radio aus,12.433,13.95898
1679_speech_true_Fernseher_aus_Alarm_an,Fernseher aus,3.84954,5.0244
1679_speech_true_Fernseher_aus_Alarm_an,Alarm an,13.4484,15.07321
1680_speech_false_Alarm_aus,Alarm aus,2.99956,4.67431
1682_speech_false_Fernseher_aus_Licht_aus,Fernseher aus,4.85246,6.42826
1682_speech_false_Fernseher_aus_Licht_aus,Licht aus,18.0842,19.55995
1683_speech_true_Heizung_an_Lüftung_aus,Heizung an,6.6,7.824999999999999
1683_speech_true_Heizung_an_Lüftung_aus,Lüftung aus,12.55,13.725000000000001
1685_speech_false_Radio_an,Radio an,13.8043,14.87964
1687_speech_false_Radio_aus_Licht_an,Radio aus,10.671,11.94552
1687_speech_false_Radio_aus_Licht_an,Licht an,24.6158,25.740380000000002
1688_speech_true_Staubsauger_an_Alarm_an,Staubsauger an,12.9756,14.07565
1688_speech_true_Staubsauger_an_Alarm_an,Alarm an,16.3758,17.250842000000002
1689_speech_true_Ofen_aus,Ofen aus,11.859,13.36014
1692_speech_true_Alarm_aus,Alarm aus,10.005,11.780890000000001
1693_speech_true_Heizung_an,Heizung an,11.4087,13.05996
1694_speech_false_Fernseher_aus,Fernseher aus,6.4063,8.38325
1696_speech_false_Lüftung_aus,Lüftung aus,8.47777,10.153319999999999
1697_speech_false_Heizung_an,Heizung an,7.99742,9.37198
1698_speech_false_Alarm_an_Radio_aus,Alarm an,8.67372,10.148499999999999
1698_speech_false_Alarm_an_Radio_aus,Radio aus,10.5484,12.22315
1699_speech_false_Staubsauger_aus_Ofen_an,Staubsauger aus,6.27337,8.0729
1699_speech_false_Staubsauger_aus_Ofen_an,Ofen an,11.9469,13.89639
1700_speech_true_Ofen_aus,Ofen aus,7.57842,8.65391
1701_speech_true_Staubsauger_an,Staubsauger an,11.5622,12.713429999999999
1702_speech_false_Alarm_aus_Ofen_an,Alarm aus,9.8002,11.22523
1702_speech_false_Alarm_aus_Ofen_an,Ofen an,12.4502,13.77523
1707_speech_false_Licht_aus,Licht aus,12.8393,13.815386
1708_speech_true_Staubsauger_an,Staubsauger an,10.7026,11.927900000000001
1709_speech_false_Staubsauger_aus_Radio_an,Staubsauger aus,6.55711,7.958629999999999
1709_speech_false_Staubsauger_aus_Radio_an,Radio an,8.35906,9.86068
1711_speech_true_Heizung_an,Heizung an,9.90537,11.50624
1712_speech_false_Lüftung_an,Lüftung an,7.90593,9.10683
1713_speech_false_Fernseher_aus_Licht_aus,Fernseher aus,3.2275,4.97886
1713_speech_false_Fernseher_aus_Licht_aus,Licht aus,11.0836,12.91001
1714_speech_true_Alarm_aus,Alarm aus,5.95773,7.91027
1716_speech_true_Fernseher_an,Fernseher an,8.35725,9.6834
1717_speech_true_Heizung_an,Heizung an,10.3,11.375
1719_speech_false_Fernseher_an_Licht_aus,Fernseher an,8.38119,9.281856
1719_speech_false_Fernseher_an_Licht_aus,Licht aus,13.0597,14.18553
1720_speech_false_Heizung_an_Lüftung_aus,Heizung an,2.7246,3.99941
1720_speech_false_Heizung_an_Lüftung_aus,Lüftung aus,8.74871,10.573440000000002
1721_speech_true_Staubsauger_an,Staubsauger an,7.7,9.125
1723_speech_false_Ofen_an_Alarm_an_Radio_aus,Ofen an,2.42516,3.55023
1723_speech_false_Ofen_an_Alarm_an_Radio_aus,Alarm an,6.32541,7.52549
1723_speech_false_Ofen_an_Alarm_an_Radio_aus,Radio aus,11.0757,12.825809999999999
1725_speech_true_Fernseher_aus,Fernseher aus,8.50217,9.977549999999999
1726_speech_true_Heizung_aus,Heizung aus,4.45327,6.35467
1728_speech_false_Lüftung_an,Lüftung an,8.60766,11.33509
1731_speech_true_Alarm_an,Alarm an,5.10592,6.95807
1733_speech_true_Radio_aus,Radio aus,10.3777,12.178170000000001
1734_speech_true_Staubsauger_aus,Staubsauger aus,7.65256,9.92832
1735_speech_true_Alarm_aus_Ofen_aus,Alarm aus,6.97554,8.900689999999999
1735_speech_true_Alarm_aus_Ofen_aus,Ofen aus,10.4008,12.050930000000001
1736_speech_false_Staubsauger_aus,Staubsauger aus,14.155,15.880609999999999
1737_speech_false_Radio_an,Radio an,3.24976,4.57466
1740_speech_true_Heizung_an,Heizung an,6.57563,7.65073
1742_speech_false_Licht_aus,Licht aus,10.3607,11.261629
1743_speech_false_Fernseher_an,Fernseher an,9.15379,10.3793
1750_speech_false_Ofen_an,Ofen an,12.3735,13.59835
1752_speech_true_Fernseher_aus_Alarm_aus,Fernseher aus,18.8838,20.68464
1752_speech_true_Fernseher_aus_Alarm_aus,Alarm aus,21.0098,22.76062
1753_speech_true_Radio_aus,Radio aus,13.5772,15.12746
1754_speech_false_Licht_an_Heizung_an,Licht an,11.4457,12.545290000000001
1754_speech_false_Licht_an_Heizung_an,Heizung an,20.8922,22.266679999999997
1756_speech_false_Staubsauger_aus_Radio_an,Staubsauger aus,10.2248,11.824770000000001
1756_speech_false_Staubsauger_aus_Radio_an,Radio an,14.2247,15.67467
1758_speech_false_Heizung_aus_Ofen_aus_Licht_aus,Heizung aus,7.37168,8.346241
1758_speech_false_Heizung_aus_Ofen_aus_Licht_aus,Ofen aus,11.9196,13.293980000000001
1758_speech_false_Heizung_aus_Ofen_aus_Licht_aus,Licht aus,17.0673,18.39173
1759_speech_true_Ofen_an_Lüftung_an,Ofen an,6.22949,7.33028
1759_speech_true_Ofen_an_Lüftung_an,Lüftung an,9.80707,11.35819
1761_speech_true_Ofen_an,Ofen an,6.1278,7.15327
1762_speech_true_Licht_an_Alarm_aus,Licht an,2.8004,3.700528
1762_speech_true_Licht_an_Alarm_aus,Alarm aus,10.0014,10.951535
1763_speech_false_Radio_an,Radio an,9.22725,10.202487
1765_speech_true_Lüftung_an,Lüftung an,19.3569,20.55733
1767_speech_true_Heizung_aus_Fernseher_an,Heizung aus,7.64835,8.7981
1767_speech_true_Heizung_aus_Fernseher_an,Fernseher an,12.5723,13.84703
1768_speech_true_Fernseher_aus,Fernseher aus,9.15362,10.30407
1770_speech_false_Licht_an_Licht_aus,Licht an,5.12276,6.82202
1770_speech_false_Licht_an_Licht_aus,Licht aus,19.9913,21.56561
1771_speech_true_Fernseher_an_Heizung_an,Fernseher an,9.37779,10.428099999999999
1771_speech_true_Fernseher_an_Heizung_an,Heizung an,11.1533,12.128591
1772_speech_false_Radio_aus_Fernseher_an,Radio aus,8.19933,9.799199999999999
1772_speech_false_Radio_aus_Fernseher_an,Fernseher an,11.899,13.598859999999998
1773_speech_true_Lüftung_aus_Heizung_aus,Lüftung aus,8.7261,10.3513
1773_speech_true_Lüftung_aus_Heizung_aus,Heizung aus,13.5767,15.07689
1775_speech_true_Fernseher_aus_Licht_aus,Fernseher aus,12.6206,14.19506
1775_speech_true_Fernseher_aus_Licht_aus,Licht aus,14.8199,16.34437
1776_speech_true_Staubsauger_an,Staubsauger an,11.45,13.2
1778_speech_true_Alarm_an,Alarm an,8.51186,9.96388
1780_speech_true_Heizung_aus,Heizung aus,8.36267,9.51441
1781_speech_true_Lüftung_an,Lüftung an,9.69758,11.2222
1783_speech_true_Ofen_aus,Ofen aus,10.1743,11.89919
1784_speech_true_Alarm_aus_Licht_an,Alarm aus,9.68089,10.90664
1784_speech_true_Alarm_aus_Licht_an,Licht an,11.457,12.65773
1785_speech_true_Fernseher_an,Fernseher an,5.7031,6.70364
1786_speech_true_Licht_an_Heizung_aus,Licht an,3.50068,4.200816
1786_speech_true_Licht_an_Heizung_aus,Heizung aus,11.3022,12.277389999999999
1788_speech_false_Lüftung_aus_Licht_an,Lüftung aus,3.74942,5.12421
1788_speech_false_Lüftung_aus_Licht_an,Licht an,17.6723,18.647149
1789_speech_false_Fernseher_aus,Fernseher aus,14.0519,15.4771
1791_speech_false_Staubsauger_an,Staubsauger an,10.9262,12.601379999999999
1794_speech_false_Ofen_an_Lüftung_an,Ofen an,5.12599,6.076174
1794_speech_false_Ofen_an_Lüftung_an,Lüftung an,12.7025,13.95274
1795_speech_false_Lüftung_aus,Lüftung aus,11.0294,12.755090000000001
1797_speech_true_Heizung_aus,Heizung aus,6.27918,7.530010000000001
1798_speech_true_Alarm_an,Alarm an,13.2291,14.45448
1799_speech_true_Alarm_aus,Alarm aus,11.7821,13.18294
1810_speech_true_Staubsauger_an_Staubsauger_aus,Staubsauger an,4.6757,6.85103
1810_speech_true_Staubsauger_an_Staubsauger_aus,Staubsauger aus,17.5026,18.9528
1811_speech_false_Alarm_aus_Licht_an,Alarm aus,14.8536,17.20416
1811_speech_false_Alarm_aus_Licht_an,Licht an,19.5547,20.880020000000002
1813_speech_true_Ofen_aus,Ofen aus,14.7074,16.20815
1814_speech_true_Radio_an,Radio an,12.2223,13.79695
1816_speech_true_Lüftung_an,Lüftung an,9.65334,11.17887
1817_speech_true_Heizung_aus,Heizung aus,7.78621,9.56377
1818_speech_true_Fernseher_an_Fernseher_aus,Fernseher an,12.7197,14.01916
1818_speech_true_Fernseher_an_Fernseher_aus,Fernseher aus,20.3415,21.64096
1819_speech_true_Licht_an_Licht_aus,Licht an,5.37268,6.92201
1819_speech_true_Licht_an_Licht_aus,Licht aus,23.5149,25.064230000000002
1820_speech_false_Alarm_an_Licht_aus,Alarm an,18.6612,19.88693
1820_speech_false_Alarm_an_Licht_aus,Licht aus,21.0626,22.31335
1821_speech_false_Licht_aus_Fernseher_an,Licht aus,8.20757,9.633890000000001
1821_speech_false_Licht_aus_Fernseher_an,Fernseher an,10.3345,12.786760000000001
1822_speech_true_Heizung_an,Heizung an,12.1881,14.06511
1823_speech_false_Alarm_an_Licht_aus,Alarm an,8.62887,9.95446
1823_speech_false_Alarm_an_Licht_aus,Licht aus,10.4297,11.88035
1824_speech_true_Lüftung_an_Heizung_aus,Lüftung an,6.79751,8.34694
1824_speech_true_Lüftung_an_Heizung_aus,Heizung aus,8.87175,10.471160000000001
1826_speech_false_Ofen_an,Ofen an,18.8104,20.56137
1828_speech_false_Staubsauger_an,Staubsauger an,21.1171,22.841459999999998
1841_speech_false_Staubsauger_an,Staubsauger an,5.57991,7.58167
1842_speech_false_Heizung_an_Fernseher_aus,Heizung an,3.42802,4.97939
1842_speech_false_Heizung_an_Fernseher_aus,Fernseher aus,7.03119,8.68264
1843_speech_true_Licht_aus_Radio_an,Licht aus,8.70609,10.03202
1843_speech_true_Licht_aus_Radio_an,Radio an,11.8833,13.43439
1844_speech_true_Lüftung_aus,Lüftung aus,7.75235,9.07775
1857_speech_false_Ofen_aus,Ofen aus,6.60247,7.6028400000000005
1858_speech_false_Radio_an,Radio an,7.40941,8.53584
1859_speech_true_Staubsauger_an,Staubsauger an,10.8586,12.685089999999999
1860_speech_true_Licht_an,Licht an,8.20065,9.400749999999999
1861_speech_false_Lüftung_aus,Lüftung aus,18.9219,20.39666
1863_speech_true_Heizung_aus,Heizung aus,14.8567,15.88216
1865_speech_false_Ofen_an,Ofen an,14.5465,16.02114
1869_speech_true_Staubsauger_an,Staubsauger an,15.7267,17.75191
1871_speech_false_Fernseher_an,Fernseher an,8.06341,9.36557
1873_speech_false_Licht_aus,Licht aus,10.3,11.600000000000001
1874_speech_false_Lüftung_an,Lüftung an,7.79704,9.79628
1876_speech_true_Radio_an_Radio_aus,Radio an,15.2446,16.044317
1876_speech_true_Radio_an_Radio_aus,Radio aus,20.8676,21.642326
1877_speech_true_Licht_an_Staubsauger_an,Licht an,11.2042,12.104539
1877_speech_true_Licht_an_Staubsauger_an,Staubsauger an,17.0064,18.75706
1878_speech_true_Ofen_aus,Ofen aus,16.5576,17.80817
1879_speech_true_Alarm_aus,Alarm aus,5.60031,7.12539
1881_speech_true_Licht_an,Licht an,8.12155,9.37102
1882_speech_false_Fernseher_aus,Fernseher aus,6.78276,8.05922
1883_speech_true_Lüftung_an,Lüftung an,9.68216,10.782969999999999
1884_speech_true_Heizung_aus,Heizung aus,8.95026,9.800294000000001
1900_speech_false_Licht_an,Licht an,12.3253,13.200321
1901_speech_true_Lüftung_aus,Lüftung aus,15.1003,16.87534
1903_speech_false_Fernseher_an,Fernseher an,17.832,18.98245
1904_speech_false_Heizung_aus,Heizung aus,8.85889,9.93497
1906_speech_false_Radio_an,Radio an,16.276,17.32607
1907_speech_false_Staubsauger_an,Staubsauger an,16.1053,18.00593
1909_speech_false_Alarm_aus,Alarm aus,12.0562,13.38188
1921_speech_true_Fernseher_an,Fernseher an,12.3518,13.601980000000001
1922_speech_true_Licht_an,Licht an,15.2065,17.18234
1923_speech_true_Lüftung_aus,Lüftung aus,14.9465,16.44615
1924_speech_true_Heizung_aus,Heizung aus,15.0772,16.07735
1926_speech_true_Alarm_aus,Alarm aus,10.4455,12.21977
1928_speech_true_Staubsauger_an,Staubsauger an,12.6995,14.89941
1930_speech_false_Fernseher_an,Fernseher an,9.71049,11.56249
1933_speech_true_Heizung_an,Heizung an,6.09949,8.29931
1936_speech_false_Licht_an,Licht an,6.9846,8.18625
1938_speech_false_Lüftung_an,Lüftung an,7.36061,8.96292
1939_speech_false_Fernseher_aus,Fernseher aus,4.55196,5.75248
1940_speech_false_Ofen_an,Ofen an,13.0304,14.856160000000001
1942_speech_false_Radio_aus_Alarm_aus,Radio aus,10.1507,11.125767
1942_speech_false_Radio_aus_Alarm_aus,Alarm aus,12.8009,13.775967
1943_speech_true_Staubsauger_aus_Fernseher_an,Staubsauger aus,12.8042,14.57977
1943_speech_true_Staubsauger_aus_Fernseher_an,Fernseher an,16.0052,17.55577
1945_speech_true_Fernseher_aus,Fernseher aus,8.72137,10.12079
1947_speech_false_Heizung_an,Heizung an,7.70391,9.37976
1951_speech_true_Heizung_aus,Heizung aus,10.2009,11.200980000000001
1952_speech_true_Licht_aus,Licht aus,9.60746,10.308004
1963_speech_false_Alarm_an,Alarm an,11.0779,12.628309999999999
1966_speech_true_Ofen_aus,Ofen aus,10.6326,12.13368
1967_speech_false_Fernseher_an,Fernseher an,13.9689,15.71814
1969_speech_false_Staubsauger_aus_Radio_an,Staubsauger aus,6.1993,8.224070000000001
1969_speech_false_Staubsauger_aus_Radio_an,Radio an,10.1239,11.773629999999999
1970_speech_true_Alarm_aus_Lüftung_an,Alarm aus,5.42714,7.127809999999999
1970_speech_true_Alarm_aus_Lüftung_an,Lüftung an,11.3295,13.05518
1971_speech_true_Ofen_aus,Ofen aus,9.27731,10.65265
1972_speech_true_Heizung_aus,Heizung aus,5.90332,7.72935
1974_speech_true_Licht_an,Licht an,7.27681,8.50212
1975_speech_true_Heizung_an_Licht_aus_Staubsauger_an,Heizung an,2.37702,3.4529240000000003
1975_speech_true_Heizung_an_Licht_aus_Staubsauger_an,Licht aus,4.05344,4.854119
1975_speech_true_Heizung_an_Licht_aus_Staubsauger_an,Staubsauger an,5.52969,6.705690000000001
1976_speech_true_Radio_aus,Radio aus,14.2241,15.59901
1982_speech_true_Fernseher_an_Licht_aus,Fernseher an,4.57822,5.70401
1982_speech_true_Fernseher_an_Licht_aus,Licht aus,6.00422,7.07998
1986_speech_true_Lüftung_an,Lüftung an,2.67398,3.8235399999999995
1987_speech_true_Radio_an,Radio an,14.9806,17.181420000000003
1988_speech_false_Alarm_aus_Staubsauger_an,Alarm aus,5.38408,6.83653
1988_speech_false_Alarm_aus_Staubsauger_an,Staubsauger an,7.713,9.16545
1989_speech_true_Staubsauger_aus,Staubsauger aus,9.34574,10.64515
1991_speech_true_Radio_aus_Licht_an,Radio aus,8.93354,10.15971
1991_speech_true_Radio_aus_Licht_an,Licht an,13.4879,14.93929
1992_speech_false_Staubsauger_an_Alarm_aus,Staubsauger an,13.3466,14.39633
1992_speech_false_Staubsauger_an_Alarm_aus,Alarm aus,21.6195,22.619245
1993_speech_true_Lüftung_an,Lüftung an,9.85544,11.13114
1994_speech_true_Radio_aus_Licht_an,Radio aus,10.878,12.228430000000001
1994_speech_true_Radio_aus_Licht_an,Licht an,21.631,22.781299999999998
1996_speech_false_Heizung_aus,Heizung aus,14.49,15.466007
1997_speech_true_Radio_aus_Licht_an,Radio aus,14.871,15.520825
1997_speech_true_Radio_aus_Licht_an,Licht an,24.2935,24.918332000000003
1999_speech_true_Fernseher_an_Heizung_aus,Fernseher an,11.8778,13.328140000000001
1999_speech_true_Fernseher_an_Heizung_aus,Heizung aus,20.2547,21.58001
2000_speech_false_Staubsauger_aus_Licht_an,Staubsauger aus,15.5804,16.58075
2000_speech_false_Staubsauger_aus_Licht_an,Licht an,23.033,24.033350000000002
2002_speech_false_Licht_an,Licht an,11.8571,13.18286
2004_speech_false_Fernseher_aus_Heizung_aus,Fernseher aus,10.1531,11.97865
2004_speech_false_Fernseher_aus_Heizung_aus,Heizung aus,16.38,18.13053
2005_speech_true_Lüftung_an_Licht_an,Lüftung an,14.2948,15.91921
2005_speech_true_Lüftung_an_Licht_an,Licht an,17.3437,18.86815
2006_speech_true_Alarm_aus,Alarm aus,14.8565,15.88195
2009_speech_false_Ofen_aus_Staubsauger_aus,Ofen aus,10.6535,11.90391
2009_speech_false_Ofen_aus_Staubsauger_aus,Staubsauger aus,13.4294,14.77984
2010_speech_true_Alarm_an_Staubsauger_an,Alarm an,13.4476,15.07231
2010_speech_true_Alarm_an_Staubsauger_an,Staubsauger an,16.2721,18.32174
2012_speech_false_Radio_aus,Radio aus,9.02368,10.52346
2015_speech_true_Ofen_aus_Alarm_an,Ofen aus,6.04876,7.54845
2015_speech_true_Ofen_aus_Alarm_an,Alarm an,14.597,16.17168
2017_speech_false_Ofen_aus,Ofen aus,13.2586,14.93469
2019_speech_true_Heizung_an,Heizung an,16.0817,17.70737
2020_speech_true_Lüftung_an,Lüftung an,13.2027,14.90305
2021_speech_false_Radio_an,Radio an,10.7953,12.41959
2022_speech_true_Alarm_an,Alarm an,20.4561,21.90653
2023_speech_true_Licht_an,Licht an,7.37191,8.97124
